ID	위치	구분	화자	원문	번역
05369	18B4:0:19	목록	94	FLOOR 4{0A}#SEWER ENTRANCE	4층{0A}#하수구 입구
05370	18B5:0:0	목록	80	HAILFIRE PEAKS{0A}#( LAVA SIDE )	불얼음 봉우리{0A}#( 용암 쪽 )
05371	18B5:0:1	목록	81	HAILFIRE PEAKS{0A}#( ICY SIDE )	불얼음 봉우리{0A}#( 얼음 쪽 )
05372	18B5:0:2	목록	82	LAVA TRAIN STATION{0A}#( HAILFIRE PEAKS )	용암 기차역{0A}#( 불얼음 봉우리 )
05373	18B5:0:3	목록	83	ICE TRAIN STATION{0A}#( HAILFIRE PEAKS )	얼음 기차역{0A}#( 불얼음 봉우리 )
05374	18B5:0:4	목록	84	LAVA CRATER	용암 분화구
05375	18B5:0:5	목록	85	ICE CRATER	얼음 분화구
05376	18B5:0:6	목록	86	COLOSSEUM KICKBALL STADIUM{0A}#( LOBBY )	콜로세움 킥볼 스타디움{0A}#( 로비 )
05377	18B5:0:7	목록	87	BOGGY'S IGLOO	보기의 이글루
05378	18B5:0:8	목록	88	ICICLE GROTTO	고드름 동굴
05379	18B5:0:9	목록	89	INSIDE THE VOLCANO	화산 내부
05380	18B5:0:10	목록	8A	COLOSSEUM KICKBALL{0A}#( QUARTERFINAL )	콜로세움 킥볼{0A}#( 준준결승 )
05381	18B5:0:11	목록	8B	COLOSSEUM KICKBALL{0A}#( SEMIFINAL )	콜로세움 킥볼{0A}#( 준결승 )
05382	18B5:0:12	목록	8C	COLOSSEUM KICKBALL{0A}#( FINAL )	콜로세움 킥볼{0A}#( 결승 )
05383	18B5:0:13	목록	8D	HAD BEEN REMOVED?	제거되었습니까?
05384	18B5:0:14	목록	8E	COLOSSEUM KICKBALL{0A}#( QUARTERFINAL REMATCH )	콜로세움 킥볼{0A}#( 준준결승 재대결 )
05385	18B5:0:15	목록	8F	COLOSSEUM KICKBALL{0A}#( SEMIFINAL REMATCH )	콜로세움 킥볼{0A}#( 준결승 재대결 )
05386	18B5:0:16	목록	90	COLOSSEUM KICKBALL{0A}#( FINAL REMATCH )	콜로세움 킥볼{0A}#( 결승 재대결 )
05387	18B6:0:0	목록	80	CLOUD CUCKOOLAND	구름 뻐꾸기 나라
05388	18B6:0:1	목록	81	INSIDE THE TRASH CAN	쓰레기통 안
05389	18B6:0:2	목록	82	INSIDE THE CHEESE WEDGE	치즈 조각 안
05390	18B6:0:3	목록	83	ZUBBAS' NEST	주바의 둥지
05391	18B6:0:4	목록	84	CENTRAL CAVERN	중앙 동굴
05392	18B6:0:5	목록	85	GLOWBO CAVE	글로보 동굴
05393	18B6:0:6	목록	86	INSIDE THE POT O' GOLD	황금 항아리 안
05394	18B7:0:0	목록	80	CAULDRON KEEP	가마솥 성
05395	18B7:0:1	목록	81	THE GATEHOUSE	성문 망루
05396	18B7:0:2	목록	82	TOWER OF TRAGEDY QUIZ	비극의 탑 퀴즈
05397	18B7:0:3	목록	83	GUN CHAMBER	총기 보관실
05398	18B7:0:4	목록	84	INSIDE THE DIGGER	굴착기 내부
05399	18B7:0:5	목록	85	QUIZ MULTI	퀴즈 멀티
05400	18B7:0:6	목록	86	QUIZ TEST	퀴즈 테스트
05401	18B8:0:0	목록	80	ISLE O' HAGS{0A}#( JINJO VILLAGE )	마녀섬{0A}#( 진조 마을 )
05402	18B8:0:1	목록	81	BOTTLES' HOUSE	보틀스의 집
05403	18B8:0:2	목록	82	KING JINGALING'S{0A}THRONE ROOM	징갈링 왕의{0A}알현실
05404	18B8:0:3	목록	83	GREEN JINJO{0A}FAMILY HOUSE	초록 진조{0A}가족 집
05405	18B8:0:4	목록	84	BLACK JINJO{0A}FAMILY HOUSE	검정 진조{0A}가족 집
05406	18B8:0:5	목록	85	YELLOW JINJO{0A}FAMILY HOUSE	노랑 진조{0A}가족 집
05407	18B8:0:6	목록	86	BLUE JINJO{0A}FAMILY HOUSE	파랑 진조{0A}가족 집
05408	18B8:0:7	목록	87	SHOULDN'T BE HERE{0A}JINJO FAMILY HOUSE	여기 있으면 안 되는{0A}진조 가족 집
05409	18B8:0:8	목록	88	BROWN JINJO{0A}FAMILY HOUSE	갈색 진조{0A}가족 집
05410	18B8:0:9	목록	89	ORANGE JINJO{0A}FAMILY HOUSE	주황 진조{0A}가족 집
05411	18B8:0:10	목록	8A	PURPLE JINJO{0A}FAMILY HOUSE	보라 진조{0A}가족 집
05412	18B8:0:11	목록	8B	RED JINJO{0A}FAMILY HOUSE	빨강 진조{0A}가족 집
05413	18B8:0:12	목록	8C	WHITE JINJO{0A}FAMILY HOUSE	하얀 진조{0A}가족 집
05414	18B8:0:13	목록	8D	HEGGY'S EGG SHED	헤기의 알 창고
05415	18B8:0:14	목록	8E	JIGGYWIGGY'S TEMPLE	지기위기의 신전
05416	18B8:0:15	목록	8F	HONEY B'S HIVE	허니 비의 벌집
05417	18B8:0:16	목록	90	INSIDE{0A}ANOTHER DIGGER TUNNEL	또 다른{0A}굴착 터널 안
05418	18B8:0:17	목록	91	ISLE O' HAGS{0A}#( WOODED HOLLOW )	마녀섬{0A}#( 숲속 골짜기 )
05419	18B8:0:18	목록	92	ISLE O' HAGS{0A}#( PLATEAU )	마녀섬{0A}#( 고원 )
05420	18B8:0:19	목록	93	ISLE O' HAGS{0A}#( PINE GROVE )	마녀섬{0A}#( 소나무 숲 )
05421	18B8:0:20	목록	94	ISLE O' HAGS{0A}#( CLIFF TOP )	마녀섬{0A}#( 절벽 꼭대기 )
05422	18B8:0:21	목록	95	ISLE O' HAGS{0A}#( WASTELAND )	마녀섬{0A}#( 황무지 )
05423	18B8:0:22	목록	96	ISLE O' HAGS{0A}#( QUAGMIRE )	마녀섬{0A}#( 늪지대 )
05424	18B8:0:23	목록	97	ZOMBIFIED{0A}THRONE ROOM	좀비가 된{0A}알현실
05425	18B9:0:0	목록	80	OLD KING COAL{0A}#GRUBBY BOILER MONARCH	올드 킹 콜{0A}#꾀죄죄한 보일러 군주
05426	18B9:0:1	목록	81	TERRY{0A}#DISGRUNTLED PTERODACTYL PARENT	테리{0A}#짜증 난 익룡 아빠
05427	18B9:0:2	목록	82	CHOMPASAURUS{0A}#STOMACH - CRAMPED CARNIVORE	촘파사우루스{0A}#배탈 난 육식 공룡
05428	18B9:0:3	목록	83	MR. PATCH{0A}#STRANGE WOBBLY INFLATABLE THING	패치 씨{0A}#이상하게 흐늘거리는 풍선 괴물
05429	18B9:0:4	목록	84	TARGITZAN{0A}#DESPOTIC DIZZY TOTEM GOD	타깃잔{0A}#어질어질한 폭군 토템 신
05430	18B9:0:5	목록	85	LORD WOO FAK FAK{0A}#SELF - IMPORTANT ANGLERFISH	우 팍 팍 경{0A}#잘난 척하는 아귀
05431	18B9:0:6	목록	86	WELDAR{0A}#VISUALLY - IMPAIRED WELDING TORCH	웰다{0A}#시력이 나쁜 용접 토치
05432	18B9:0:7	목록	87	STOMPONADON{0A}#TRIASSIC STEAMROLLER	스톰포나돈{0A}#트라이아스기 스팀롤러
05433	18B9:0:8	목록	88	MINGY JONGO{0A}#CRAFTY SHAMAN IMPERSONATOR	밍지 종고{0A}#교활한 주술사 사칭꾼
05434	18B9:0:9	목록	89	CHILLY WILLY{0A}#COLD 'N' ICY DRAGON	칠리 윌리{0A}#차갑고 얼음 같은 드래곤
05435	18B9:0:10	목록	8A	CHILLI BILLI{0A}#HOT 'N' SPICY DRAGON	칠리 빌리{0A}#뜨겁고 매운 드래곤
05436	18B9:0:11	목록	8B	KLUNGO{0A}#MINION WITH A MISSION	클렁고{0A}#임무를 띤 부하
05437	18B9:0:12	목록	8C	KLUNGO{0A}#REVENGE - SEEKING MINION	클렁고{0A}#복수심에 불타는 부하
05438	18B9:0:13	목록	8D	KLUNGO{0A}#CAREER - QUESTIONING MINION	클렁고{0A}#진로를 고민하는 부하
05439	18B9:0:14	목록	8E	DIPPY{0A}#SEEKER OF BEVERAGES	디피{0A}#음료를 찾아다니는 자
05440	18B9:0:15	목록	8F	HAG 1{0A}#MONSTROUS MECHANICAL{0A}#MUD-MUNCHER	마녀 1호{0A}#괴물 같은 기계식{0A}#진흙 먹보
05441	18BA:0:0	목록	80	MAYAN KICKBALL CHALLENGE	마야 킥볼 챌린지
05442	18BA:0:1	목록	81	TARGITZAN'S TEMPLE SHOOTOUT	타깃잔 사원 사격전
05443	18BA:0:2	목록	82	ORDNANCE STORAGE SHOOTOUT	탄약 창고 사격전
05444	18BA:0:3	목록	83	DODGEM CHALLENGE	범퍼카 챌린지
05445	18BA:0:4	목록	84	BALLOON BURST CHALLENGE	풍선 터뜨리기 챌린지
05446	18BA:0:5	목록	85	HOOP HURRY CHALLENGE	후프 질주 챌린지
05447	18BA:0:6	목록	86	MINI - SUB SHOOTOUT	미니잠수함 사격전
05448	18BA:0:7	목록	87	CHOMPA'S BELLY CHALLENGE	촘파의 뱃속 챌린지
05449	18BA:0:8	목록	88	PACKING ROOM CHALLENGE	포장실 챌린지
05450	18BA:0:9	목록	89	CLINKERS CAVERN SHOOTOUT	클링커 동굴 사격전
05451	18BA:0:10	목록	8A	COLOSSEUM KICKBALL CHALLENGE	콜로세움 킥볼 챌린지
05452	18BA:0:11	목록	8B	TRASH CAN CHALLENGE	쓰레기통 챌린지
05453	18BA:0:12	목록	8C	ZUBBAS' NEST SHOOTOUT	주바 둥지 사격전
05454	18BB:0:0	목록	80	FIRE EGGS	불꽃 알
05455	18BB:0:1	목록	81	GRENADE EGGS	수류탄 알
05456	18BB:0:2	목록	82	CLOCKWORK KAZOOIE EGGS	태엽 카주이 알
05457	18BB:0:3	목록	83	ICE EGGS	얼음 알
05458	18BB:0:4	목록	84	AIRBORNE EGG AIMING	공중 알 조준
05459	18BB:0:5	목록	85	SPLIT UP	분리
05460	18BB:0:6	목록	86	PACK WHACK	팩 왝
05461	18BB:0:7	목록	87	SPRINGY STEP SHOES	스프링 스텝 슈즈
05462	18BB:0:8	목록	88	TAXI PACK	택시 팩
05463	18BB:0:9	목록	89	HATCH	부화
05464	18BB:0:10	목록	8A	EGG SELECT	알 선택
05465	18BB:0:11	목록	8B	BILL DRILL	빌 드릴
05466	18BB:0:12	목록	8C	BEAK BAYONET	부리 총검
05467	18BB:0:13	목록	8D	GRIP GRAB	그립 그랩
05468	18BB:0:14	목록	8E	BREEGULL BLASTER	브리걸 블래스터
05469	18BB:0:15	목록	8F	EGG AIM	알 조준
05470	18BB:0:16	목록	90	TALON TORPEDO	탤런 토피도
05471	18BB:0:17	목록	91	SUB-AQUA EGG AIMING	수중 알 조준
05472	18BB:0:18	목록	92	WING WHACK	윙 왝
05473	18BB:0:19	목록	93	SHACK PACK	섁 팩
05474	18BB:0:20	목록	94	GLIDE	활공
05475	18BB:0:21	목록	95	CLAW CLAMBER BOOTS	클로 클램버 부츠
05476	18BB:0:22	목록	96	SNOOZE PACK	스누즈 팩
05477	18BB:0:23	목록	97	LEG SPRING	레그 스프링
05478	18BB:0:24	목록	98	SACK PACK	색 팩
05479	18BC:0:0	목록	80	TWO YEARS HAVE{0A}PASSED SINCE{0A}GRUNTILDA THE WITCH{0A}WAS DEFEATED{0A}BY BANJO AND{0A}KAZOOIE .	반조와{0A}카주이가{0A}마녀 그런틸다를{0A}쓰러뜨린 지{0A}벌써{0A}２년이 지났다 .
05480	18BC:0:1	목록	81	AFTER FALLING{0A}FROM HER TOWER{0A}SHE WAS BURIED{0A}UNDERGROUND WHERE{0A}SHE REMAINS UNTIL{0A}THIS VERY DAY . . .	탑에서{0A}떨어진 뒤{0A}그녀는{0A}땅속에 묻혀{0A}오늘까지도{0A}그대로 있다 . . .
05481	18BC:0:2	목록	82	 {0A}  {0A}  {0A}  {0A}  {0A}  {0A}  {0A}MEANWHILE . . .	 {0A}  {0A}  {0A}  {0A}  {0A}  {0A}  {0A}한편 . . .
05482	18BD:0:0	목록	80	LEVITATE{0A}#CHUFFY THE TRAIN	부양{0A}#기차 처피
05483	18BD:0:1	목록	81	LEVITATE{0A}#JIGGY BOULDER	부양{0A}#지기 바위
05484	18BD:0:2	목록	82	SUMMON{0A}#GOLDEN GOLIATH	소환{0A}#황금 골리앗
05485	18BD:0:3	목록	83	POWER{0A}#STAR SPINNER	파워{0A}#스타 스피너
05486	18BD:0:4	목록	84	POWER{0A}#DODGEM DOME	파워{0A}#범퍼카 돔
05487	18BD:0:5	목록	85	POWER{0A}#SAUCER OF PERIL	파워{0A}#공포의 비행접시
05488	18BD:0:6	목록	86	SUNLIGHT{0A}#OXYGENATED WATER	햇빛{0A}#산소 머금은 물
05489	18BD:0:7	목록	87	ENLARGE{0A}#SMALL STYRACOSAURUS	확대{0A}#작은 스티라코사우루스
05490	18BD:0:8	목록	88	ENLARGE{0A}#STEPPING STONES	확대{0A}#디딤돌
05491	18BD:0:9	목록	89	ENLARGE{0A}#WUMBA'S WIGWAM	확대{0A}#움바의 천막
05492	18BD:0:10	목록	8A	EMP{0A}#ELECTROMAGNET	전자기 펄스{0A}#전자석
05493	18BD:0:11	목록	8B	EMP{0A}#WALL CRUSHERS	전자기 펄스{0A}#벽 파쇄기
05494	18BD:0:12	목록	8C	RAIN DANCE	기우제
05495	18BD:0:13	목록	8D	LIFE FORCE{0A}#SABREMAN	생명력{0A}#세이버맨
05496	18BD:0:14	목록	8E	LIFE FORCE{0A}#ALIEN DAD	생명력{0A}#외계인 아빠
05497	18BD:0:15	목록	8F	LIFE FORCE{0A}#ALIEN CHILD	생명력{0A}#외계인 아이
05498	18BD:0:16	목록	90	HEAL{0A}#SICK STYRACOSAURUS	치유{0A}#아픈 스티라코사우루스
05499	18DE:0:0	목록	80	PRESS {87} TO PLAY THE GAME.	{87}을 눌러 게임을 플레이하세요.
05500	18DE:0:1	목록	81	SELECT TYPE OF GAME.	게임 종류를 선택하세요.
05501	18DE:0:2	목록	8A	1-PLAYER	1인용
05502	18DE:0:3	목록	8B	2-PLAYER BOTTLES' REVENGE	2인용 보틀스의 복수
05503	18DE:0:4	목록	8C	BOTTLES' REVENGE EXPLANATION	보틀스의 복수 설명
05504	18DE:0:5	목록	9E	2 PLAYERS ARE REQUIRED TO START A BOTTLES' REVENGE GAME.	보틀스의 복수 게임을 시작하려면 2명의 플레이어가 필요합니다.
05505	18DF:0:0	목록	80	COPY GAME. PRESS {87} TO COPY ONE GAME FILE INTO ANOTHER.	게임 복사. {87}을 눌러 한 게임 파일을 다른 파일로 복사하세요.
05506	18DF:0:1	목록	81	SELECT GAME FILE TO COPY, THEN PRESS {87}.	복사할 게임 파일을 선택한 뒤 {87}을 누르세요.
05507	18DF:0:2	목록	82	SELECT A GAME FILE TO COPY INTO. {87} TO COPY, {86} TO CANCEL.	복사할 게임 파일을 선택하세요. {87}을 눌러 복사하고, {86}을 눌러 취소하세요.
05508	18DF:0:3	목록	83	ARE YOU SURE? {87} YES, {86} NO.	정말입니까? {87} 예, {86} 아니오.
05509	18DF:0:4	목록	84	GAME FILE COPIED.	게임 파일을 복사했습니다.
05510	18DF:0:5	목록	85	THERE ARE NO GAME FILES AVAILABLE TO COPY FROM.	복사할 수 있는 게임 파일이 없습니다.
05511	18DF:0:6	목록	86	THIS GAME FILE IS EMPTY. PLEASE CHOOSE ANOTHER.	이 게임 파일은 비어 있습니다. 다른 파일을 선택해 주세요.
05512	18DF:0:7	목록	87	THERE ARE NO EMPTY GAME FILES AVAILABLE TO COPY INTO.	복사해 넣을 수 있는 빈 게임 파일이 없습니다.
05513	18DF:0:8	목록	88	THIS GAME FILE IS FULL. PLEASE CHOOSE AN EMPTY FILE.	이 게임 파일은 가득 찼습니다. 빈 파일을 선택해 주세요.
05514	18E0:0:0	목록	80	ERASE GAME. PRESS {87} TO ERASE A GAME FILE.	게임 지우기. {87}을 눌러 게임 파일을 지우세요.
05515	18E0:0:1	목록	81	SELECT GAME FILE TO ERASE, THEN PRESS {87}.	지울 게임 파일을 선택한 뒤 {87}을 누르세요.
05516	18E0:0:2	목록	82	ARE YOU SURE? {87} YES, {86} NO.	정말입니까? {87} 예, {86} 아니오.
05517	18E0:0:3	목록	83	GAME FILE ERASED.	게임 파일을 지웠습니다.
05518	18E0:0:4	목록	84	THERE ARE NO GAME FILES AVAILABLE TO ERASE.	지울 수 있는 게임 파일이 없습니다.
05519	18E0:0:5	목록	85	THIS GAME FILE IS ALREADY EMPTY. PLEASE CHOOSE ANOTHER.	이 게임 파일은 이미 비어 있습니다. 다른 파일을 선택해 주세요.
05520	18E1:0:0	목록	80	THIS FEATURE IS NOT YET AVAILABLE. PLEASE TRY AGAIN LATER.	이 기능은 아직 사용할 수 없습니다. 나중에 다시 시도해 주세요.
05521	18E1:0:1	목록	81	MULTIPLAYER. PRESS {87} TO PLAY.	멀티플레이어. {87}을 눌러 플레이하세요.
05522	18E1:0:2	목록	82	HOW MANY PLAYERS?	몇 명이서 플레이하시겠습니까?
05523	18E1:0:3	목록	83	WHAT DO YOU WANT TO PLAY?	무엇을 플레이하시겠습니까?
05524	18E1:0:4	목록	84	SELECT A GAME TO PLAY, THEN PRESS {87}.	플레이할 게임을 선택한 뒤 {87}을 누르세요.
05525	18E1:0:5	목록	85	PRESS {87} TO SELECT GAMES, {81} TO RESET THE MENU AND {7F} TO PLAY.	{87}을 눌러 게임을 선택하고, {81}으로 메뉴를 초기화하고, {7F}를 눌러 플레이하세요.
05526	18E1:0:6	목록	86	SELECT THE OPTIONS AND THEN PRESS {7F} TO PLAY.	옵션을 선택한 뒤 {7F}를 눌러 플레이하세요.
05527	18E1:0:7	목록	87	USE LEFT AND RIGHT ON THE CONTROL STICK TO PICK A CHARACTER!	컨트롤 스틱의 좌우를 사용해 캐릭터를 고르세요!
05528	18E1:0:8	목록	88	PICK A GAME LENGTH!	게임 길이를 고르세요!
05529	18E1:0:9	목록	89	PICK A GAME TYPE!	게임 종류를 고르세요!
05530	18E1:0:10	목록	8A	PICK AN EGG TYPE!	알 종류를 고르세요!
05531	18E1:0:11	목록	8C	TWO	둘
05532	18E1:0:12	목록	8D	THREE	셋
05533	18E1:0:13	목록	8E	FOUR	넷
05534	18E1:0:14	목록	8F	SINGLE GAME	싱글 게임
05535	18E1:0:15	목록	90	SOME OF THE GAMES	일부 게임
05536	18E1:0:16	목록	91	ALL OF THE GAMES	모든 게임
05537	18E1:0:17	목록	9E	YOU CANNOT PLAY BIRDY BUDDIES WITH ONLY TWO PLAYERS!	새 친구들은 2인으로는 플레이할 수 없습니다!
05538	18E1:0:18	목록	9F	USE LEFT AND RIGHT ON THE CONTROL STICK TO PICK YOUR TEAMS!	컨트롤 스틱의 좌우를 사용해 팀을 고르세요!
05539	18E1:0:19	목록	A0	USE LEFT AND RIGHT ON THE CONTROL STICK TO PICK YOUR TARGET!	컨트롤 스틱의 좌우를 사용해 타깃을 고르세요!
05540	18E1:0:20	목록	A2	YOU HAVE NOT SELECTED ANY GAMES TO PLAY!	플레이할 게임을 선택하지 않았습니다!
05541	18E1:0:21	목록	A3	YOU CANNOT PLAY MULTIPLAYER WITH ONLY ONE CONTROLLER!	컨트롤러가 1개뿐이면 멀티플레이어를 할 수 없습니다!
05542	18E1:0:22	목록	A4	THERE ARE NOT ENOUGH CONTROLLERS FOR THREE PLAYERS.	3인 플레이를 하기에 컨트롤러가 부족합니다.
05543	18E1:0:23	목록	A5	THERE ARE NOT ENOUGH CONTROLLERS FOR FOUR PLAYERS.	4인 플레이를 하기에 컨트롤러가 부족합니다.
05544	18E1:0:24	목록	A6	THE GAME LENGTH IS FIXED FOR THIS SCENARIO.	이 시나리오는 게임 길이가 고정되어 있습니다.
05545	18E1:0:25	목록	A7	THE EGG TYPES ARE FIXED FOR THIS SCENARIO.	이 시나리오는 알 종류가 고정되어 있습니다.
05546	18E2:0:0	목록	80	SETTINGS. PRESS {87} TO ALTER GLOBAL SETTINGS.	설정. {87}을 눌러 전역 설정을 변경하세요.
05547	18E2:0:1	목록	81	WHAT WOULD YOU LIKE TO ADJUST?	무엇을 조정하시겠습니까?
05548	18E2:0:2	목록	82	USE THE CONTROL STICK TO ALIGN THE SCREEN. PRESS {87} TO CONFIRM OR {86} TO RESET.	컨트롤 스틱으로 화면을 맞추세요. {87}을 눌러 확정하거나 {86}을 눌러 초기화하세요.
05549	18E2:0:3	목록	83	USE THE CONTROL STICK TO CHOOSE THE WIDE-SCREEN SETTING. PRESS {87} TO CONFIRM OR {86} TO CANCEL.	컨트롤 스틱으로 와이드스크린 설정을 선택하세요. {87}을 눌러 확정하거나 {86}을 눌러 취소하세요.
05550	18E2:0:4	목록	84	USE THE CONTROL STICK TO SELECT WHICH SPEAKER MODE TO USE. PRESS {87} TO CONFIRM OR {86} TO CANCEL.	컨트롤 스틱으로 사용할 스피커 모드를 선택하세요. {87}을 눌러 확정하거나 {86}을 눌러 취소하세요.
05551	18E2:0:5	목록	85	USE THE CONTROL STICK TO SELECT YOUR LANGUAGE. PRESS {87} TO CONFIRM OR {86} TO CANCEL.	컨트롤 스틱으로 언어를 선택하세요. {87}을 눌러 확정하거나 {86}을 눌러 취소하세요.
05552	18E2:0:6	목록	86	PLEASE ENABLE THE 16:9 WIDE-SCREEN MODE ON YOUR TV NOW.	지금 TV에서 16:9 와이드스크린 모드를 켜 주세요.
05553	18E2:0:7	목록	87	PLEASE DISABLE THE 16:9 WIDE-SCREEN MODE ON YOUR TV NOW.	지금 TV에서 16:9 와이드스크린 모드를 꺼 주세요.
05554	18E2:0:8	목록	8A	SCREEN ALIGNMENT	화면 정렬
05555	18E2:0:9	목록	8F	WIDE-SCREEN MODE: OFF	와이드스크린 모드: 끔
05556	18E2:0:10	목록	90	WIDE-SCREEN MODE: ON	와이드스크린 모드: 켬
05557	18E2:0:11	목록	94	SPEAKER MODE: MONO	스피커 모드: 모노
05558	18E2:0:12	목록	95	SPEAKER MODE: STEREO	스피커 모드: 스테레오
05559	18E2:0:13	목록	96	SPEAKER MODE: HEADPHONE	스피커 모드: 헤드폰
05560	18E2:0:14	목록	97	SPEAKER MODE: DOLBY SURROUND	스피커 모드: 돌비 서라운드
05561	18E2:0:15	목록	99	LANGUAGE: ENGLISH	언어: 영어
05562	18E2:0:16	목록	9A	LANGUAGE: FRENCH	언어: 프랑스어
05563	18E2:0:17	목록	9B	LANGUAGE: GERMAN	언어: 독일어
05564	18E2:0:18	목록	9C	LANGUAGE: ITALIAN	언어: 이탈리아어
05565	18E2:0:19	목록	9D	LANGUAGE: SPANISH	언어: 스페인어
05566	18E3:0:0	목록	80	THIS FEATURE IS NOT YET AVAILABLE. PLEASE TRY AGAIN LATER.	이 기능은 아직 사용할 수 없습니다. 나중에 다시 시도해 주세요.
05567	18E3:0:1	목록	81	REPLAY. PRESS {87} TO REPLAY GAMES AND FEATURES.	리플레이. {87}을 눌러 게임과 기능을 다시 보세요.
05568	18E3:0:2	목록	82	WHAT WOULD YOU LIKE TO REPLAY?	무엇을 다시 보시겠습니까?
05569	18E3:0:3	목록	83	WHICH MINI-GAME WOULD YOU LIKE TO REPLAY?	어느 미니게임을 다시 보시겠습니까?
05570	18E3:0:4	목록	84	WHICH BOSS WOULD YOU LIKE TO REPLAY?	어느 보스를 다시 보시겠습니까?
05571	18E3:0:5	목록	85	WHICH CINEMA WOULD YOU LIKE TO REPLAY?	어느 영상을 다시 보시겠습니까?
05572	18E3:0:6	목록	8A	MINI-GAMES	미니게임
05573	18E3:0:7	목록	8B	BOSSES	보스
05574	18E3:0:8	목록	8C	CINEMA	영상
05575	18E4:0:0	목록	80	TARGITZAN'S TEMPLE SHOOTOUT	타깃잔 사원 사격전
05576	18E4:0:1	목록	81	MAYAN KICKBALL CHALLENGE	마야 킥볼 챌린지
05577	18E4:0:2	목록	82	ORDNANCE STORAGE SHOOTOUT	탄약 창고 사격전
05578	18E4:0:3	목록	83	DODGEMS CHALLENGE	범퍼카 챌린지
05579	18E4:0:4	목록	84	HOOP HURRY CHALLENGE	후프 질주 챌린지
05580	18E4:0:5	목록	85	BALLOON BURST CHALLENGE	풍선 터뜨리기 챌린지
05581	18E4:0:6	목록	86	MINI-SUB SHOOTOUT	미니잠수함 사격전
05582	18E4:0:7	목록	87	CHOMPA'S BELLY CHALLENGE	촘파의 뱃속 챌린지
05583	18E4:0:8	목록	88	CLINKER'S CAVERN SHOOTOUT	클링커 동굴 사격전
05584	18E4:0:9	목록	89	PACKING ROOM CHALLENGE	포장실 챌린지
05585	18E4:0:10	목록	8A	COLOSSEUM KICKBALL CHALLENGE	콜로세움 킥볼 챌린지
05586	18E4:0:11	목록	8B	TRASH CAN CHALLENGE	쓰레기통 챌린지
05587	18E4:0:12	목록	8C	ZUBBA'S NEST SHOOTOUT	주바 둥지 사격전
05588	18E4:0:13	목록	8D	TOWER OF TRAGEDY QUIZ	비극의 탑 퀴즈
05589	18E5:0:0	목록	80	MAYAN KICKBALL (QUARTERFINAL)	마야 킥볼 (준준결승)
05590	18E5:0:1	목록	81	MAYAN KICKBALL (SEMIFINAL)	마야 킥볼 (준결승)
05591	18E5:0:2	목록	82	MAYAN KICKBALL (FINAL)	마야 킥볼 (결승)
05592	18E5:0:3	목록	83	ORDNANCE STORAGE	탄약 창고
05593	18E5:0:4	목록	84	DODGEMS CHALLENGE (1-ON-1)	범퍼카 챌린지 (1 대 1)
05594	18E5:0:5	목록	85	DODGEMS CHALLENGE (2-ON-1)	범퍼카 챌린지 (2 대 1)
05595	18E5:0:6	목록	86	DODGEMS CHALLENGE (3-ON-1)	범퍼카 챌린지 (3 대 1)
05596	18E5:0:7	목록	87	HOOP HURRY CHALLENGE	후프 질주 챌린지
05597	18E5:0:8	목록	88	BALLOON BURST CHALLENGE	풍선 터뜨리기 챌린지
05598	18E5:0:9	목록	89	SAUCER OF PERIL RIDE	공포의 비행접시 타기
05599	18E5:0:10	목록	8A	MINI-SUB CHALLENGE	미니잠수함 챌린지
05600	18E5:0:11	목록	8B	CHOMPA'S BELLY	촘파의 뱃속
05601	18E5:0:12	목록	8C	CLINKER'S CAVERN	클링커의 동굴
05602	18E5:0:13	목록	8D	TWINKLIES PACKING	반짝이 포장하기
05603	18E5:0:14	목록	8E	COLOSSEUM KICKBALL (QUARTERFINAL)	콜로세움 킥볼 (준준결승)
05604	18E5:0:15	목록	8F	COLOSSEUM KICKBALL (SEMIFINAL)	콜로세움 킥볼 (준결승)
05605	18E5:0:16	목록	90	COLOSSEUM KICKBALL (FINAL)	콜로세움 킥볼 (결승)
05606	18E5:0:17	목록	91	POT O' GOLD	황금 항아리
05607	18E5:0:18	목록	92	TRASH CAN GERMS	쓰레기통 세균
05608	18E5:0:19	목록	93	ZUBBAS' HIVE	주바의 벌집
05609	18E5:0:20	목록	94	TOWER OF TRAGEDY QUIZ (ROUND 1)	비극의 탑 퀴즈 (1라운드)
05610	18E5:0:21	목록	95	TOWER OF TRAGEDY QUIZ (ROUND 2)	비극의 탑 퀴즈 (2라운드)
05611	18E5:0:22	목록	96	TOWER OF TRAGEDY QUIZ (ROUND 3)	비극의 탑 퀴즈 (3라운드)
05612	18E6:0:0	목록	80	KLUNGO 1	클렁고 1
05613	18E6:0:1	목록	81	KLUNGO 2	클렁고 2
05614	18E6:0:2	목록	82	KLUNGO 3	클렁고 3
05615	18E6:0:3	목록	83	TARGITZAN	타깃잔
05616	18E6:0:4	목록	84	OLD KING COAL	올드 킹 콜
05617	18E6:0:5	목록	85	MR. PATCH	패치 씨
05618	18E6:0:6	목록	86	LORD WOO FAK FAK	우 팍 팍 경
05619	18E6:0:7	목록	87	TERRY	테리
05620	18E6:0:8	목록	88	WELDAR	웰다
05621	18E6:0:9	목록	89	CHILLY WILLY	칠리 윌리
05622	18E6:0:10	목록	8A	CHILLI BILLI	칠리 빌리
05623	18E6:0:11	목록	8B	MINGY JONGO	밍지 종고
05624	18E6:0:12	목록	8C	HAG 1	마녀 1호
05625	18E8:0:0	목록	80	OPENING STORY	오프닝 이야기
05626	18E8:0:1	목록	81	KING JINGALING GETS ZAPPED	징갈링 왕이 감전되다
05627	18E8:0:2	목록	82	BOTTLES AND JINGALING RESTORED	보틀스와 징갈링 되살아나다
05628	18E8:0:3	목록	83	GRUNTY DEFEATED	그런티 패배
05629	18E8:0:4	목록	84	CREDITS	크레딧
05630	18E8:0:5	목록	85	CHARACTER PARADE	캐릭터 퍼레이드
05631	18E9:0:0	목록	80	BANJO-KAZOOIE 2 SPACEWORLD 2000	반조-카주이 2 스페이스월드 2000
05632	18E9:0:1	목록	81	PLEASE CHOOSE SOMETHING TO PREVIEW.	미리 볼 항목을 선택해 주세요.
05633	18E9:0:2	목록	8A	EXPLORE A WORLD	세계 탐험하기
05634	18E9:0:3	목록	8B	PLAY A MINI-GAME	미니게임 플레이하기
05635	18E9:0:4	목록	8C	BATTLE A BOSS	보스와 싸우기
05636	18E9:0:5	목록	8D	MULTIPLAYER MADNESS	멀티플레이어 대소동
05637	18E9:0:6	목록	8E	STORY AND GAME INFO	스토리 및 게임 정보
05638	18E9:0:7	목록	94	I'M AFRAID THAT OPTION IS NOT AVAILABLE AS THERE IS NOT ENOUGH MEMORY IN YOUR MACHINE.	안타깝지만 그 옵션은 기기 메모리가 부족하여 사용할 수 없습니다.
05639	18EA:0:0	목록	80	PLEASE CHOOSE A WORLD TO EXPLORE.	탐험할 세계를 선택해 주세요.
05640	18EA:0:1	목록	8A	MAYAHEM TEMPLE	마야 대혼란 사원
05641	18EA:0:2	목록	8B	WITCHYWORLD	마녀랜드
05642	18EA:0:3	목록	8C	JOLLY ROGER'S LAGOON	졸리 로저의 석호
05643	18EA:0:4	목록	8D	GRUNTY INDUSTRIES	그런티 산업
05644	18EA:0:5	목록	94	I'M AFRAID THAT OPTION IS NOT AVAILABLE AS THERE IS NOT ENOUGH MEMORY IN YOUR MACHINE.	안타깝지만 그 옵션은 기기 메모리가 부족하여 사용할 수 없습니다.
05645	18EB:0:0	목록	80	PLEASE CHOOSE A MINI-GAME TO PLAY.	플레이할 미니게임을 선택해 주세요.
05646	18EB:0:1	목록	8A	MAYAN KICKBALL	마야 킥볼
05647	18EB:0:2	목록	8B	BALLOON BURST	풍선 터뜨리기
05648	18EB:0:3	목록	8C	'SAUCER OF PERIL' RIDE	'공포의 비행접시' 타기
05649	18EB:0:4	목록	8D	CHOMPA'S BELLY	촘파의 뱃속
05650	18EB:0:5	목록	94	I'M AFRAID THAT OPTION IS NOT AVAILABLE AS THERE IS NOT ENOUGH MEMORY IN YOUR MACHINE.	안타깝지만 그 옵션은 기기 메모리가 부족하여 사용할 수 없습니다.
05651	18EC:0:0	목록	80	PLEASE CHOOSE A BOSS TO BATTLE.	싸울 보스를 선택해 주세요.
05652	18EC:0:1	목록	8A	TARGITZAN	타깃잔
05653	18EC:0:2	목록	8B	MR. PATCH	패치 씨
05654	18EC:0:3	목록	8C	KING WOO FAK FAK	우 팍 팍 왕
05655	18EC:0:4	목록	8D	WELDAR	웰다
05656	18EC:0:5	목록	94	I'M AFRAID THAT OPTION IS NOT AVAILABLE AS THERE IS NOT ENOUGH MEMORY IN YOUR MACHINE.	안타깝지만 그 옵션은 기기 메모리가 부족하여 사용할 수 없습니다.
05657	18ED:0:0	목록	80	PLEASE CHOOSE A MULTIPLAYER GAME.	멀티플레이어 게임을 선택해 주세요.
05658	18ED:0:1	목록	8A	MAYAN KICKBALL	마야 킥볼
05659	18ED:0:2	목록	8B	TARGITZAN'S SHOOTOUT	타깃잔 사격전
05660	18ED:0:3	목록	8C	DODGEMS CHALLENGE	범퍼카 챌린지
05661	18ED:0:4	목록	8D	MINI-SUB SHOOTOUT	미니잠수함 사격전
05662	18ED:0:5	목록	94	I'M AFRAID THAT OPTION IS NOT AVAILABLE AS THERE IS NOT ENOUGH MEMORY IN YOUR MACHINE.	안타깝지만 그 옵션은 기기 메모리가 부족하여 사용할 수 없습니다.
05663	18EE:0:0	목록	80	WHAT WOULD YOU LIKE TO VIEW?	무엇을 보시겠습니까?
05664	18EE:0:1	목록	8A	VIEW THE STORY	스토리 보기
05665	18EE:0:2	목록	8B	GAME INFORMATION	게임 정보
05666	18EE:0:3	목록	94	I'M AFRAID THAT OPTION IS NOT AVAILABLE AS THERE IS NOT ENOUGH MEMORY IN YOUR MACHINE.	안타깝지만 그 옵션은 기기 메모리가 부족하여 사용할 수 없습니다.
05667	18EF:0:0	목록	80	PLAYER 1 - BANJO	플레이어 1 - 반조
05668	18EF:0:1	목록	81	PLAYER 1 - MUMBO	플레이어 1 - 멈보
05669	18EF:0:2	목록	82	PLAYER 1 - JINJO	플레이어 1 - 진조
05670	18EF:0:3	목록	83	PLAYER 1 - JAMJARS	플레이어 1 - 잼자스
05671	18EF:0:4	목록	84	PLAYER 1 - GRUNTY	플레이어 1 - 그런티
05672	18EF:0:5	목록	8A	PLAYER 2 - BANJO	플레이어 2 - 반조
05673	18EF:0:6	목록	8B	PLAYER 2 - MUMBO	플레이어 2 - 멈보
05674	18EF:0:7	목록	8C	PLAYER 2 - JINJO	플레이어 2 - 진조
05675	18EF:0:8	목록	8D	PLAYER 2 - JAMJARS	플레이어 2 - 잼자스
05676	18EF:0:9	목록	8E	PLAYER 2 - GRUNTY	플레이어 2 - 그런티
05677	18EF:0:10	목록	94	PLAYER 3 - BANJO	플레이어 3 - 반조
05678	18EF:0:11	목록	95	PLAYER 3 - MUMBO	플레이어 3 - 멈보
05679	18EF:0:12	목록	96	PLAYER 3 - JINJO	플레이어 3 - 진조
05680	18EF:0:13	목록	97	PLAYER 3 - JAMJARS	플레이어 3 - 잼자스
05681	18EF:0:14	목록	98	PLAYER 3 - GRUNTY	플레이어 3 - 그런티
05682	18EF:0:15	목록	9E	PLAYER 4 - BANJO	플레이어 4 - 반조
05683	18EF:0:16	목록	9F	PLAYER 4 - MUMBO	플레이어 4 - 멈보
05684	18EF:0:17	목록	A0	PLAYER 4 - JINJO	플레이어 4 - 진조
05685	18EF:0:18	목록	A1	PLAYER 4 - JAMJARS	플레이어 4 - 잼자스
05686	18EF:0:19	목록	A2	PLAYER 4 - GRUNTY	플레이어 4 - 그런티
05687	18F0:0:0	목록	80	SQUAWKMATCH	꽥꽥 대결
05688	18F0:0:1	목록	81	SINGLE EGG SPLAT	알 한 방
05689	18F0:0:2	목록	82	4 DOZEN FUN	알 4다스
05690	18F0:0:3	목록	85	BIRDY BUDDIES - PLAYER 1 VS. ALL	새 친구들 - 플레이어 1 대 전원
05691	18F0:0:4	목록	86	BIRDY BUDDIES - PLAYER 2 VS. ALL	새 친구들 - 플레이어 2 대 전원
05692	18F0:0:5	목록	87	BIRDY BUDDIES - PLAYERS 1 AND 2 VS.	새 친구들 - 플레이어 1, 2 대
05693	18F0:0:6	목록	88	BIRDY BUDDIES - PLAYER 3 VS. ALL	새 친구들 - 플레이어 3 대 전원
05694	18F0:0:7	목록	89	BIRDY BUDDIES - PLAYERS 1 AND 3 VS.	새 친구들 - 플레이어 1, 3 대
05695	18F0:0:8	목록	8A	BIRDY BUDDIES - PLAYERS 2 AND 3 VS.	새 친구들 - 플레이어 2, 3 대
05696	18F0:0:9	목록	8B	BIRDY BUDDIES - PLAYER 4 VS. ALL	새 친구들 - 플레이어 4 대 전원
05697	18F0:0:10	목록	8C	BIRDY BUDDIES - UNAVAILABLE	새 친구들 - 사용 불가
05698	18F0:0:11	목록	8F	CHICKEN CHASE - PLAYER 1 IS IT	닭 쫓기 - 플레이어 1이 술래
05699	18F0:0:12	목록	90	CHICKEN CHASE - PLAYER 2 IS IT	닭 쫓기 - 플레이어 2가 술래
05700	18F0:0:13	목록	91	CHICKEN CHASE - PLAYER 3 IS IT	닭 쫓기 - 플레이어 3이 술래
05701	18F0:0:14	목록	92	CHICKEN CHASE - PLAYER 4 IS IT	닭 쫓기 - 플레이어 4가 술래
05702	18F0:0:15	목록	9E	NORMAL ENERGY BARS AND NORMAL EGG DAMAGE.	일반 에너지 바와 일반 알 피해.
05703	18F0:0:16	목록	9F	NO ENERGY BARS. ANY EGG WILL SPLAT PLAYERS INSTANTLY!	에너지 바 없음. 알 한 방이면 바로 끝납니다!
05704	18F0:0:17	목록	A0	EACH PLAYER HAS 48 EGGS. SCORE 1 POINT PER HIT. GAME ENDS WHEN ALL EGGS ARE USED OR THE TIMER EXPIRES.	플레이어마다 알 48개. 명중당 1점. 알을 다 쓰거나 타이머가 끝나면 게임 종료.
05705	18F0:0:18	목록	A1	DIVIDE YOUR PLAYERS UP INTO TEAMS FOR A SQUAWKMATCH GAME.	꽥꽥 대결 게임을 위해 플레이어를 팀으로 나누세요.
05706	18F0:0:19	목록	A2	ONE PLAYER IS THE TARGET THAT THE OTHERS MUST SHOOT TO SCORE POINTS. THE TARGET SCORES POINTS BY NOT BEING SHOT.	한 명이 타깃이 되어 나머지가 맞혀서 점수를 얻습니다. 타깃은 맞지 않으면 점수를 얻습니다.
05707	18F1:0:0	목록	80	EGGS A PLENTY	알 듬뿍
05708	18F1:0:1	목록	81	HOT N' COLD	불과 얼음
05709	18F1:0:2	목록	82	SNEAKY	살금살금
05710	18F1:0:3	목록	83	BOMBS AWAY!	폭탄 조심!
05711	18F1:0:4	목록	84	BIG BANGS	대폭발
05712	18F1:0:5	목록	8A	FEATURES EVERY TYPE OF EGG.	모든 종류의 알을 사용합니다.
05713	18F1:0:6	목록	8B	FEATURES NORMAL, FIRE AND ICE EGGS.	일반, 불, 얼음 알을 사용합니다.
05714	18F1:0:7	목록	8C	FEATURES NORMAL, FIRE AND PROXIMITY EGGS.	일반, 불, 근접 알을 사용합니다.
05715	18F1:0:8	목록	8D	FEATURES NORMAL, ICE AND CLOCKWORK KAZOOIE BOMB EGGS.	일반, 얼음, 태엽 카주이 폭탄 알을 사용합니다.
05716	18F1:0:9	목록	8E	FEATURES NORMAL, ICE AND GRENADE EGGS.	일반, 얼음, 수류탄 알을 사용합니다.
05717	18F2:0:0	목록	80	GAME 1 IS...	게임 1은...
05718	18F2:0:1	목록	81	GAME 2 IS...	게임 2는...
05719	18F2:0:2	목록	82	GAME 3 IS...	게임 3은...
05720	18F2:0:3	목록	83	GAME 4 IS...	게임 4는...
05721	18F2:0:4	목록	84	GAME 5 IS...	게임 5는...
05722	18F2:0:5	목록	85	GAME 6 IS...	게임 6은...
05723	18F2:0:6	목록	86	GAME 7 IS...	게임 7은...
05724	18F2:0:7	목록	87	GAME 8 IS...	게임 8은...
05725	18F2:0:8	목록	88	GAME 9 IS...	게임 9는...
05726	18F2:0:9	목록	89	GAME 10 IS...	게임 10은...
05727	18F2:0:10	목록	8A	GAME 11 IS...	게임 11은...
05728	18F2:0:11	목록	8B	GAME 12 IS...	게임 12는...
05729	18F2:0:12	목록	8C	GAME 13 IS...	게임 13은...
05730	18F2:0:13	목록	8D	GAME 14 IS...	게임 14는...
05731	18F2:0:14	목록	A7	THE LAST GAME IS...	마지막 게임은...
05732	18F3:0:0	목록	80	GAME ~: EMPTY	게임 ~: 비어 있음
05733	18F3:0:1	목록	81	GAME ~: TIME 	게임 ~: 시간 
05734	18F3:0:2	목록	82	~ JIGGIES.	지기 ~개.
05735	18F3:0:3	목록	83	~ JIGGY.	지기 ~개.
05736	18F3:0:4	목록	94	 RESULTS...	 결과...
05737	18F3:0:5	목록	95	CURRENT STANDINGS AFTER ~ OF THE ~ GAMES...	~번째 게임까지(총 ~게임)의 현재 순위...
05738	18F3:0:6	목록	96	FINAL STANDINGS...	최종 순위...
05739	18F3:0:7	목록	9E	PLAYER ~ - ~ POINTS	플레이어 ~ - ~점
05740	18F3:0:8	목록	9F	PLAYER ~ - ~ POINT	플레이어 ~ - ~점
05741	18F3:0:9	목록	A0	PLAYER ~ : ~ - ~ PTS	플레이어 ~ : ~ - ~점
05742	18F3:0:10	목록	A1	PLAYER ~ : ~ - ~ PT	플레이어 ~ : ~ - ~점
05743	18F4:0:0	목록	80	PICK CHARACTERS	캐릭터 고르기
05744	18F4:0:1	목록	85	GAME TYPE - SQUAWKMATCH	게임 종류 - 꽥꽥 대결
05745	18F4:0:2	목록	86	GAME TYPE - SINGLE EGG SPLAT	게임 종류 - 알 한 방
05746	18F4:0:3	목록	87	GAME TYPE - 4 DOZEN FUN	게임 종류 - 알 4다스
05747	18F4:0:4	목록	8A	GAME TYPE - BIRDY BUDDIES - PLAYER 1 VS.	게임 종류 - 새 친구들 - 플레이어 1 대
05748	18F4:0:5	목록	8B	GAME TYPE - BIRDY BUDDIES - PLAYER 2 VS.	게임 종류 - 새 친구들 - 플레이어 2 대
05749	18F4:0:6	목록	8C	GAME TYPE - BIRDY BUDDIES - 1 AND 2 VS.	게임 종류 - 새 친구들 - 1, 2 대
05750	18F4:0:7	목록	8D	GAME TYPE - BIRDY BUDDIES - PLAYER 3 VS.	게임 종류 - 새 친구들 - 플레이어 3 대
05751	18F4:0:8	목록	8E	GAME TYPE - BIRDY BUDDIES - 1 AND 3 VS.	게임 종류 - 새 친구들 - 1, 3 대
05752	18F4:0:9	목록	8F	GAME TYPE - BIRDY BUDDIES - 2 AND 3 VS.	게임 종류 - 새 친구들 - 2, 3 대
05753	18F4:0:10	목록	90	GAME TYPE - BIRDY BUDDIES - PLAYER 4 VS.	게임 종류 - 새 친구들 - 플레이어 4 대
05754	18F4:0:11	목록	94	GAME TYPE - CHICKEN CHASE - PLAYER 1 IS IT	게임 종류 - 닭 쫓기 - 플레이어 1이 술래
05755	18F4:0:12	목록	95	GAME TYPE - CHICKEN CHASE - PLAYER 2 IS IT	게임 종류 - 닭 쫓기 - 플레이어 2가 술래
05756	18F4:0:13	목록	96	GAME TYPE - CHICKEN CHASE - PLAYER 3 IS IT	게임 종류 - 닭 쫓기 - 플레이어 3이 술래
05757	18F4:0:14	목록	97	GAME TYPE - CHICKEN CHASE - PLAYER 4 IS IT	게임 종류 - 닭 쫓기 - 플레이어 4가 술래
05758	18F4:0:15	목록	99	EGGS TYPE - FIXED	알 종류 - 고정
05759	18F4:0:16	목록	9B	EGGS TYPE - EGGS A PLENTY	알 종류 - 알 듬뿍
05760	18F4:0:17	목록	9C	EGGS TYPE - HOT N' COLD	알 종류 - 불과 얼음
05761	18F4:0:18	목록	9D	EGGS TYPE - SNEAKY	알 종류 - 살금살금
05762	18F4:0:19	목록	9E	EGGS TYPE - BOMBS AWAY!	알 종류 - 폭탄 조심!
05763	18F4:0:20	목록	9F	EGGS TYPE - BIG BANGS	알 종류 - 대폭발
05764	18F4:0:21	목록	A3	GAME LENGTH - FIRST TO 10	게임 길이 - 10점 선취
05765	18F4:0:22	목록	A4	GAME LENGTH - FIRST TO 20	게임 길이 - 20점 선취
05766	18F4:0:23	목록	A5	GAME LENGTH - 5 MINUTES	게임 길이 - 5분
05767	18F4:0:24	목록	A6	GAME LENGTH - 10 MINUTES	게임 길이 - 10분
05768	18F5:0:0	목록	80	FIRST TO 10	10점 선취
05769	18F5:0:1	목록	81	FIRST TO 20	20점 선취
05770	18F5:0:2	목록	82	2 MINUTES	2분
05771	18F5:0:3	목록	83	5 MINUTES	5분
05772	18F5:0:4	목록	8A	FIRST TO 15	15점 선취
05773	18F5:0:5	목록	8B	FIRST TO 30	30점 선취
05774	18F5:0:6	목록	8C	5 MINUTES	5분
05775	18F5:0:7	목록	8D	10 MINUTES	10분
05776	18F5:0:8	목록	94	FIRST TO 10	10점 선취
05777	18F5:0:9	목록	95	FIRST TO 20	20점 선취
05778	18F5:0:10	목록	96	5 MINUTES	5분
05779	18F5:0:11	목록	97	10 MINUTES	10분
05780	1910:0:0	목록	80	WHAT IS THE NAME OF JOLLY ROGER'S PARTNER IN JOLLY ROGER'S LAGOON?	졸리 로저의 석호에서 졸리 로저의 짝꿍 이름은 무엇입니까?
05781	1910:0:1	목록	8A	MERRY MAGGIE	메리 매기
05782	1910:0:2	목록	8B	MUCKY MAKKY	머키 매키
05783	1910:0:3	목록	8C	HAPPY HAGGY	해피 해기
05784	1910:0:4	목록	8D	1	1
05785	1911:0:0	목록	80	WHAT IS THE NAME OF THE GIANT ANGLERFISH IN JOLLY ROGER'S LAGOON?	졸리 로저의 석호에 사는 거대한 아귀의 이름은 무엇입니까?
05786	1911:0:1	목록	8A	BARON WOO FAK FAK	우 팍 팍 남작
05787	1911:0:2	목록	8B	LORD WOO FAK FAK	우 팍 팍 경
05788	1911:0:3	목록	8C	SIR WOO FAK FAK	우 팍 팍 기사
05789	1911:0:4	목록	8D	2	2
05790	1912:0:0	목록	80	HOW MANY BROKEN WAVERACERS DOES CAPTAIN BLUBBER'S SHOP HAVE IN JOLLY ROGER'S LAGOON?	졸리 로저의 석호에서 블러버 선장의 가게에는 고장 난 웨이브레이서가 몇 대 있습니까?
05791	1912:0:1	목록	8A	3	3
05792	1912:0:2	목록	8B	4	4
05793	1912:0:3	목록	8C	2	2
05794	1912:0:4	목록	8D	3	3
05795	1913:0:0	목록	80	WHAT IS THE NAME OF THE TRAIN THAT TRAVELS BETWEEN THE WORLDS?	세계를 오가며 달리는 기차의 이름은 무엇입니까?
05796	1913:0:1	목록	8A	CHUFFY	처피
05797	1913:0:2	목록	8B	GUFFO	구포
05798	1913:0:3	목록	8C	PUFTA	푸프타
05799	1913:0:4	목록	8D	1	1
05800	1914:0:0	목록	80	WHO IS MY LOVELY THIN SISTER?	내 사랑스럽고 날씬한 자매는 누구입니까?
05801	1914:0:1	목록	8A	MAKKY	매키
05802	1914:0:2	목록	8B	MINGELLA	밍겔라
05803	1914:0:3	목록	8C	MUNGELDA	멍겔다
05804	1914:0:4	목록	8D	2	2
05805	1915:0:0	목록	80	WHO IS MY RATHER LARGE SISTER?	내 꽤 덩치 큰 자매는 누구입니까?
05806	1915:0:1	목록	8A	LARDELLA	라델라
05807	1915:0:2	목록	8B	GUTBUCKITA	거트버키타
05808	1915:0:3	목록	8C	BLOBBELDA	블로벨다
05809	1915:0:4	목록	8D	3	3
05810	1916:0:0	목록	80	WHAT IS ON THE WALLPAPER IN THE FACTORY WORKERS' QUARTERS?	공장 일꾼 숙소의 벽지에는 무엇이 그려져 있습니까?
05811	1916:0:1	목록	8A	MUMBO	멈보
05812	1916:0:2	목록	8B	GRUNTILDA	그런틸다
05813	1916:0:3	목록	8C	JOANNA DARK	조안나 다크
05814	1916:0:4	목록	8D	1	1
05815	1917:0:0	목록	80	WHO IS THE 'MIGHTY MAYAN GOD OF TARGET SHOOTING'?	'과녁 맞히기의 위대한 마야 신'은 누구입니까?
05816	1917:0:1	목록	8A	MARZIPAN	마지판
05817	1917:0:2	목록	8B	TARGITZAN	타깃잔
05818	1917:0:3	목록	8C	FRYINPANZ	프라이팬즈
05819	1917:0:4	목록	8D	2	2
05820	1918:0:0	목록	80	WHAT HAD THE PROSPECTOR LOST IN GLITTER GULCH MINE?	반짝 협곡 광산에서 탐광꾼이 잃어버린 것은 무엇입니까?
05821	1918:0:1	목록	8A	HIS WALLET	지갑
05822	1918:0:2	목록	8B	HIS PICKAXE	곡괭이
05823	1918:0:3	목록	8C	HIS PARTNER	짝꿍
05824	1918:0:4	목록	8D	3	3
05825	1919:0:0	목록	80	HOW MANY KICKBALL COACHES OFFER ADVICE IN MAYAHEM TEMPLE?	마야 대혼란 사원에서 킥볼 조언을 해 주는 코치는 몇 명입니까?
05826	1919:0:1	목록	8A	3	3
05827	1919:0:2	목록	8B	1	1
05828	1919:0:3	목록	8C	5	5
05829	1919:0:4	목록	8D	1	1
05830	191A:0:0	목록	80	HOW ARE MAYAHEM TEMPLE'S STATUE DART GUNS DEACTIVATED?	마야 대혼란 사원의 석상 다트총은 어떻게 해제합니까?
05831	191A:0:1	목록	8A	USING THE BILL DRILL	빌 드릴 사용
05832	191A:0:2	목록	8B	FIRING AN EGG BETWEEN THEIR EYES	눈 사이에 알 쏘기
05833	191A:0:3	목록	8C	WITH A BIG SWITCH	큰 스위치로
05834	191A:0:4	목록	8D	2	2
05835	191B:0:0	목록	80	WHAT COLOR ARE THE FEATHERS ON THE DARTS FIRED BY THE MAYAHEM TEMPLE STATUES' DART GUNS?	마야 대혼란 사원 석상의 다트총이 쏘는 화살 깃털은 무슨 색입니까?
05836	191B:0:1	목록	8A	BLUE	파란색
05837	191B:0:2	목록	8B	YELLOW	노란색
05838	191B:0:3	목록	8C	RED	빨간색
05839	191B:0:4	목록	8D	3	3
05840	191C:0:0	목록	80	WHAT ANIMAL HAD A PROBLEM WITH A PLAGUE OF FLIES?	파리 떼 문제로 골치를 앓는 동물은 무엇입니까?
05841	191C:0:1	목록	8A	A COW	소
05842	191C:0:2	목록	8B	A MONKEY	원숭이
05843	191C:0:3	목록	8C	A PTERODACTYL	익룡
05844	191C:0:4	목록	8D	1	1
05845	191D:0:0	목록	80	WHAT DOES MAYAHEM TEMPLE'S CATLIKE WARRIOR BADDY CARRY?	마야 대혼란 사원의 고양이 같은 전사 악당은 무엇을 들고 있습니까?
05846	191D:0:1	목록	8A	A SPADE	삽
05847	191D:0:2	목록	8B	A CLUB	곤봉
05848	191D:0:3	목록	8C	THE QUEEN OF HEARTS	하트의 여왕
05849	191D:0:4	목록	8D	2	2
05850	191E:0:0	목록	80	WHAT IS FOUND AT THE TOP OF THE HIGHEST STRUCTURE IN MAYAHEM TEMPLE?	마야 대혼란 사원에서 가장 높은 구조물 꼭대기에는 무엇이 있습니까?
05851	191E:0:1	목록	8A	JIGGY	지기
05852	191E:0:2	목록	8B	JINJO	진조
05853	191E:0:3	목록	8C	JAMJARS	잼자스
05854	191E:0:4	목록	8D	1	1
05855	191F:0:0	목록	80	WHAT WAS MAYAHEM TEMPLE'S TREASURE CHAMBER OFFICIAL LOOKING FOR?	마야 대혼란 사원의 보물 창고 관리인이 찾고 있던 것은 무엇입니까?
05856	191F:0:1	목록	8A	A PRICELESS RELIC THINGY	값을 매길 수 없는 유물 같은 것
05857	191F:0:2	목록	8B	A COSTLY ORNAMENT THINGY	값비싼 장식품 같은 것
05858	191F:0:3	목록	8C	A CHEAP TRINKET THINGY	싸구려 장신구 같은 것
05859	191F:0:4	목록	8D	1	1
05860	1920:0:0	목록	80	WHAT DO YOU HAVE TO SHOOT TO GAIN ENTRY TO MAYAHEM TEMPLE'S TREASURE CHAMBER?	마야 대혼란 사원의 보물 창고에 들어가려면 무엇을 쏴야 합니까?
05861	1920:0:1	목록	8A	MUMBO'S HEAD	멈보의 머리
05862	1920:0:2	목록	8B	SNAKE HEADS	뱀 머리
05863	1920:0:3	목록	8C	FLIES	파리
05864	1920:0:4	목록	8D	2	2
05865	1921:0:0	목록	80	WHAT IMAGE ISN'T ON MAYAHEM TEMPLE'S PRISON SWITCHES?	마야 대혼란 사원의 감옥 스위치에 없는 그림은 무엇입니까?
05866	1921:0:1	목록	8A	A SUN	태양
05867	1921:0:2	목록	8B	A STAR	별
05868	1921:0:3	목록	8C	HALEY'S COMET	핼리 혜성
05869	1921:0:4	목록	8D	3	3
05870	1922:0:0	목록	80	WHAT IS THE NAME OF WORLD 1?	세계 1의 이름은 무엇입니까?
05871	1922:0:1	목록	8A	MAYAHEM TEMPLE	마야 대혼란 사원
05872	1922:0:2	목록	8B	GLITTER GULCH MINE	반짝 협곡 광산
05873	1922:0:3	목록	8C	MAYAHEM MINE	마야 대혼란 광산
05874	1922:0:4	목록	8D	1	1
05875	1923:0:0	목록	80	WHICH OF THESE AREAS IS NOT FOUND IN MAYAHEM TEMPLE?	다음 중 마야 대혼란 사원에 없는 구역은 무엇입니까?
05876	1923:0:1	목록	8A	KICKBALL STADIUM	킥볼 경기장
05877	1923:0:2	목록	8B	DART GUN FIELDS	다트총 지대
05878	1923:0:3	목록	8C	JADE SNAKE GROVE	비취뱀 숲
05879	1923:0:4	목록	8D	2	2
05880	1924:0:0	목록	80	WHICH OF THESE AREAS IS FOUND IN MAYAHEM TEMPLE?	다음 중 마야 대혼란 사원에 있는 구역은 무엇입니까?
05881	1924:0:1	목록	8A	TARGITZAN'S SUPER SACRED CHAMBER	타깃잔의 엄청 신성한 방
05882	1924:0:2	목록	8B	TARGITZAN'S ALMOST SACRED CHAMBER	타깃잔의 거의 신성한 방
05883	1924:0:3	목록	8C	TARGITZAN'S SLIGHTLY SACRED CHAMBER	타깃잔의 살짝 신성한 방
05884	1924:0:4	목록	8D	3	3
05885	1925:0:0	목록	80	WHICH SPELL DID MUMBO PERFORM IN MAYAHEM TEMPLE?	마야 대혼란 사원에서 멈보가 사용한 주문은 무엇입니까?
05886	1925:0:1	목록	8A	SUMMON	소환
05887	1925:0:2	목록	8B	POWER	파워
05888	1925:0:3	목록	8C	LEVITATE	공중 부양
05889	1925:0:4	목록	8D	1	1
05890	1926:0:0	목록	80	WHAT DIDN'T THE JADE SNAKE DO IN MAYAHEM TEMPLE?	비취뱀이 마야 대혼란 사원에서 하지 않은 일은 무엇입니까?
05891	1926:0:1	목록	8A	EAT A JIGGY	지기 먹기
05892	1926:0:2	목록	8B	BITE BANJO	반조 물기
05893	1926:0:3	목록	8C	SLEEP	잠자기
05894	1926:0:4	목록	8D	2	2
05895	1927:0:0	목록	80	WHAT WAS STUCK IN GLITTER GULCH MINE THAT BELONGED IN WITCHYWORLD?	마녀랜드에 있어야 할 것이 반짝 협곡 광산에 끼여 있었습니다. 무엇이었습니까?
05896	1927:0:1	목록	8A	THE BURGER STALL OWNER	버거 가판대 주인
05897	1927:0:2	목록	8B	THE PROSPECTOR	탐광꾼
05898	1927:0:3	목록	8C	THE SAUCER	비행접시
05899	1927:0:4	목록	8D	3	3
05900	1928:0:0	목록	80	HOW MANY WATER TUBS ARE THERE IN THE WATER STORAGE CAVERN IN GLITTER GULCH MINE?	반짝 협곡 광산의 물 저장 동굴에는 물통이 몇 개 있습니까?
05901	1928:0:1	목록	8A	2	2
05902	1928:0:2	목록	8B	3	3
05903	1928:0:3	목록	8C	4	4
05904	1928:0:4	목록	8D	1	1
05905	1929:0:0	목록	80	WHO IS CANARY MARY IN GLITTER GULCH MINE?	반짝 협곡 광산의 카나리아 메리는 누구입니까?
05906	1929:0:1	목록	8A	A MAD PROSPECTOR	미친 탐광꾼
05907	1929:0:2	목록	8B	A CRAZY BIRDWOMAN	괴짜 새 여인
05908	1929:0:3	목록	8C	A TRAIN	기차
05909	1929:0:4	목록	8D	2	2
05910	192A:0:0	목록	80	WHAT WAS CRUSHED IN GLITTER GULCH MINE'S CRUSHING SHED?	반짝 협곡 광산의 분쇄 오두막에서 분쇄된 것은 무엇입니까?
05911	192A:0:1	목록	8A	A CAR	자동차
05912	192A:0:2	목록	8B	BANJO	반조
05913	192A:0:3	목록	8C	A BIG BOULDER	큰 바위
05914	192A:0:4	목록	8D	3	3
05915	192B:0:0	목록	80	WHAT TOOL ATTACKS BANJO IN GLITTER GULCH MINE?	반짝 협곡 광산에서 반조를 공격하는 도구는 무엇입니까?
05916	192B:0:1	목록	8A	A SHOVEL	삽
05917	192B:0:2	목록	8B	A HAMMER	망치
05918	192B:0:3	목록	8C	A CORDLESS DRILL	무선 드릴
05919	192B:0:4	목록	8D	1	1
05920	192C:0:0	목록	80	WHO LURKED IN THE TRAIN'S BOILER IN GLITTER GULCH MINE?	반짝 협곡 광산의 기차 보일러 안에 숨어 있던 것은 누구입니까?
05921	192C:0:1	목록	8A	BIG BAD BOILER BEAST	크고 못된 보일러 괴물
05922	192C:0:2	목록	8B	OLD KING COAL	올드 킹 콜
05923	192C:0:3	목록	8C	MASTER PUFTA	푸프타 사부
05924	192C:0:4	목록	8D	2	2
05925	192D:0:0	목록	80	WHAT MINE-RELATED FEATURE IS NOT FOUND IN GLITTER GULCH MINE?	반짝 협곡 광산에 없는 광산 관련 설비는 무엇입니까?
05926	192D:0:1	목록	8A	A POWER GENERATOR	발전기
05927	192D:0:2	목록	8B	A RAIL TRACK	철로
05928	192D:0:3	목록	8C	A DRILL	드릴
05929	192D:0:4	목록	8D	3	3
05930	192E:0:0	목록	80	WHAT IS THE NAME OF WORLD 2?	세계 2의 이름은 무엇입니까?
05931	192E:0:1	목록	8A	GLITTER GULCH MINE	반짝 협곡 광산
05932	192E:0:2	목록	8B	JOLLY ROGER'S MINE	졸리 로저의 광산
05933	192E:0:3	목록	8C	GRUNTY'S MINE	그런티의 광산
05934	192E:0:4	목록	8D	1	1
05935	192F:0:0	목록	80	WHAT IS ON THE PICTURE IN THE PROSPECTOR'S CABIN IN GLITTER GULCH MINE?	반짝 협곡 광산의 탐광꾼 오두막에 있는 사진에는 무엇이 있습니까?
05936	192F:0:1	목록	8A	HE AND SOME GLAMOUR MODELS	자기와 글래머 모델들
05937	192F:0:2	목록	8B	HE AND HIS PARTNER	자기와 짝꿍
05938	192F:0:3	목록	8C	HE AND HIS WIFE	자기와 아내
05939	192F:0:4	목록	8D	2	2
05940	1930:0:0	목록	80	WHAT COLOR IS THE TOXIC GAS IN GLITTER GULCH MINE?	반짝 협곡 광산의 독가스는 무슨 색입니까?
05941	1930:0:1	목록	8A	BROWNY YELLOW	누런 갈색
05942	1930:0:2	목록	8B	PURPLE	보라색
05943	1930:0:3	목록	8C	GREEN	초록색
05944	1930:0:4	목록	8D	3	3
05945	1931:0:0	목록	80	WHAT TWO ITEMS WERE WON ON GLITTER GULCH MINE'S HANDCART RACE?	반짝 협곡 광산의 수레 경주에서 얻은 두 아이템은 무엇입니까?
05946	1931:0:1	목록	8A	A JIGGY AND A CHEATO PAGE	지기와 치토 페이지
