위치	번역	이유
184C:0:7	사원 : 유사 구역	글꼴에 없는 한자(流砂) 삭제
18AF:0:14	옥 뱀의 숲	글꼴에 없는 한자(玉) 삭제
0CFF:0:1	~명이 공동 1위입니다.	오역(~-WAY TIE = ~명 공동)
0D42:0:2	가장자리를 따라 손쉽게 움직이고,	어색한 문장
0D42:0:3	{86} 버튼으로 마음껏 공격해라!	어색한 문장·잼자스 말투
0D46:0:0	브리걸 블래스터를 쓰면 1인칭 시점 구간에서 카주이를 손에 들고 알을 쏘는 총처럼 쓸 수 있어.	어색한 표현(손총)
0D68:0:1	반조와 카주이 그림이 그려진 패드 한 쌍을 찾아서, 반조 패드 위에 선 다음 {87}을 눌러.	잼자스 말투 통일
0D68:0:3	분리된 뒤에는 패드 위나 스왑 클라우드 근처에 서서 {87}을 누르면 다른 캐릭터로 바꿀 수 있어.	잼자스 말투 통일
0D68:0:4	다시 합치려면 두 캐릭터를 서로 맞닿게 하기만 하면 돼.	잼자스 말투 통일
0D6B:0:1	달릴 때, 점프할 때, 또는 가만히 서 있을 때 {86}을 눌러.	잼자스 말투 통일
0D6C:0:0	{87}을 누르면 동작을 배우고, {86}을 누르면 해산이다.	잼자스 말투(BE DISMISSED = 해산)
0D81:0:0	분리됐다.	잼자스 말투 통일
0D81:0:1	다른 캐릭터로 바꾸려면 패드 위나 스왑 클라우드 근처에 서서 {87}을 눌러.	잼자스 말투 통일
0D81:0:2	다시 합치려면 두 캐릭터를 서로 맞닿게 해.	잼자스 말투 통일
0D82:0:0	이건 분리 패드다.	잼자스 말투 통일
0D84:0:1	{81}을 눌러 발사한 다음, 컨트롤 스틱으로 조종하고 {87}로 속도를 내거나 {86}으로 취소해서 반조에게 돌아가.	잼자스 말투 통일
0D8A:0:1	달릴 때, 점프할 때, 또는 가만히 서 있을 때 {86}을 눌러.	잼자스 말투 통일
0D8C:0:0	컨트롤 스틱으로 폭탄을 움직이고, {86}을 눌러서 터뜨려.	잼자스 말투 통일
0D8E:0:1	신발을 주운 다음 {87}을 누르면 도약하고, {86}을 누르면 신발을 벗어.	잼자스 말투 통일
0D91:0:1	빈 배낭을 벗으려면 {81}을 누르고 있다가 {85}를 눌러.	잼자스 말투 통일
0D91:0:2	{81}을 계속 누른 채 {86}을 누르면 물체를 집어.	잼자스 말투 통일
0D91:0:3	가득 찬 배낭도 아까처럼 {81}을 누른 채 {85}를 눌러서 벗어.	잼자스 말투 통일
0D91:0:4	알맞은 위치에 있으면 내용물이 자동으로 튀어나와.	잼자스 말투 통일
0D91:0:5	하지만 {86}을 누르면 아무 곳에서나 내용물을 꺼낼 수도 있어.	잼자스 말투 통일
0D94:0:1	{81}을 누르고 있다가 {86}을 눌러.	잼자스 말투 통일
0D97:0:1	{81}을 누르고 있다가 {84}를 눌러. {81}을 계속 누른 채 컨트롤 스틱으로 움직이면 돼.	잼자스 말투 통일
0D9D:0:2	{86}을 눌러서 신발을 벗을 수도 있어.	잼자스 말투 통일
0DA0:0:1	{81}을 누르고 있다가 {82}를 눌러. 체력이 다 찰 때까지 {81}을 계속 누르고 있어.	잼자스 말투 통일
0DA3:0:1	{81}을 누르고 있다가 {87}을 눌러.	잼자스 말투 통일
0DAC:0:1	{80}을 눌러서 이 알이 선택될 때까지 골라.	잼자스 말투 통일
0DAE:0:1	{80}을 눌러서 이 알이 선택될 때까지 골라.	잼자스 말투 통일
0DB0:0:1	{80}을 눌러서 이 알이 선택될 때까지 골라.	잼자스 말투 통일
0DB0:0:2	발사한 뒤에는 컨트롤 스틱으로 알을 조종하고, {86}을 눌러서 터뜨려.	잼자스 말투 통일
0DB2:0:1	{80}을 눌러서 이 알이 선택될 때까지 골라.	잼자스 말투 통일
0DB6:0:0	훈련 교관 잼자스, 신고합니다, 대장님!	어색한 직역(REPORTING FOR DUTY)
0DB6:0:2	물론 보틀스를 닮았지, 이 애송이야. 그 녀석이 내 동생이니까!	불필요한 따옴표
0DB8:0:2	불꽃 알에 대해 가르쳐주려면 최소 음표 ~개가 필요하다...	괄호 중복 표기
0DBB:0:0	꿈 깨라, 이 한심한 놈들아!	오역(DEADBEATS ≠ 빚쟁이)
0E09:0:0	멈보 잘 친다.	어색한 직역(포커)
0E09:0:1	곰 돈 많이 땄다.	어색한 직역(포커)
0E0B:1:1	아... 어, 잘못 봤네, 보틀스. 그림자였나 봐.	카주이 말투(반말)
0E0D:1:0	자, 해골바가지, 계속하자.	음역(BONE FACE)
0E0F:0:0	머, 멈보 테, 테이블 안 흔든다.	말더듬 표기 오류
0E12:0:0	빨리 가야 해, 우리. 안 그러면 화낼 거야, 그런티가!	블로벨다 도치 말투(원문 요다식)
0E12:0:1	그럼 비켜, 내 위에서. 안 그러면 못 움직이잖아, 내가!	밍겔라 도치 말투
0E1A:0:0	크다, 바위가. 그러니 합쳐야 해, 우리 힘을!	블로벨다 도치 말투
0E1B:0:1	자, 봐라, 우리 마법이 이 바위 날려버리는 걸!	밍겔라 도치 말투
0E1C:0:0	사라졌어, 바위가. 이제 나와도 돼, 넌.	블로벨다 도치 말투
0E1E:0:0	보기 좋네, 그런티. 살이 빠졌구나!	밍겔라 도치 말투
0E20:0:0	응, 있어, 도울 계획이. 그러니 돌아가야 해, 우리 성으로!	블로벨다 도치 말투
0E23:0:1	봤어, 우릴, 뼈다귀 남자가. 혼내 줘야 해, 그놈을!	밍겔라 도치 말투
0E28:1:0	그래그래, 해골 소년. 머리도 두 개였겠지, 그 마녀?	비꼬는 뜻 살림
0E2C:0:0	서둘러야 해, 너. 떠날 준비 됐어, 우린!	밍겔라 도치 말투
0E2E:0:0	남겨 둘 거야, 부대를. 이 일대를 쑥대밭으로 만들 거야, 그놈들이!	블로벨다 도치 말투
0E2F:0:0	멈춰 주십시오!	오타(먈춰라)·클렁고 말투
0E3C:0:0	이거야, B.O.B.가.	블로벨다 도치 말투
0E3C:0:1	만들었지, 밍지와 내가. 빅-오-블래스터를.	블로벨다 도치 말투·이름(밍지)
0E3C:0:2	빨아들일 수 있어, 땅과 식물과 생물에게서 생명력을.	블로벨다 도치 말투
0E3D:0:0	저장돼, 커다란 탱크에, 생명력은.	밍겔라 도치 말투
0E3D:0:1	샤워를 할 거야, 그런티가, 탱크가 차면,	밍겔라 도치 말투
0E3D:0:2	그럼 갖게 될 거야, 새 몸을!	밍겔라 도치 말투
0E3F:0:0	날씬하지 않잖아, 넌. 그러니 많이 필요할 거야!	밍겔라 도치 말투
0E41:0:0	참아야 해, 넌.	블로벨다 도치 말투
0E41:0:1	먼저 골라야 해, 표적을.	블로벨다 도치 말투
0E42:0:2	진조 왕을 쏴버려야겠어!	이름 통일(KING JINGALING=징갈링 왕)
0E43:0:0	있어, B.O.B.에겐 자동 조준이.	밍겔라 도치 말투
0E43:0:1	누르기만 하면 돼, 버튼 하나만...	밍겔라 도치 말투
0E44:0:0	예열됐어, B.O.B.가. 그러니 시작한다, 발사 순서를...	블로벨다 도치 말투
0E45:0:0	맞혔어, B.O.B.가 표적을! 훔칠 거야, 생명력을!	밍겔라 도치 말투
0E46:0:0	운이 없었어, B.O.B.가. 아깝게 놓쳤어, 곰을.	블로벨다 도치 말투
0E4B:0:0	할 수는 있어, 우린. 하지만 필요해, B.O.B.에겐 큰 충전이.	블로벨다 도치 말투
0E4C:0:0	몇 시간 걸릴 거야. 그리고 복수하러 올 거야, 곰이.	밍겔라 도치 말투
0E5E:0:2	저녁 시간에 많이 늦었어 - 마누라가 날 죽일 거야!	MRS. B = 보틀스의 아내
0E61:0:0	그래, 그랬겠지, 여보...	말투 통일(부부 반말)
0E63:0:0	여어!	감탄사
0E70:0:0	완전 실망이다.	훔바 말투
0F07:0:0	옥수수 터지게 놀랍구먼!	말장난 살림(A-MAIZING)
0F07:0:1	벼락같이 믿기지가 않아!	말장난 살림(I CORN)
0F07:0:2	파리들을 밀어내듯 싹 처리했구먼!	말장난 살림(WHEATLY)
0F07:1:2	농작물 말장난 좀 그만해, 아줌마.	카주이 말투(반말)
0F07:1:3	지기 하나 줘야 할 것 같은데.	카주이 말투(반말)
0F09:0:8	얼간이라고?	원문 뜻(BOZO? = 되물음)
0F09:1:10	우린 혼쭐내고 이기러 왔다고!	어색한 직역(KICK BUTT)
0F11:1:3	우린 이 게임에서 한국어로 말한다고!	한국어판 맞춤(원문 «영어로»)
0F16:1:3	우리가 그걸 옮겨 주길 바라는 거지?	오역(주어)
0F19:0:1	준준결승에 참가해도 좋지만, 먼저 아래층에서 훈련 좀 받아보는 걸 추천하지.	오역(QUARTERFINALS=준준결승)
0F1E:0:0	준준결승을 이겼다!	오역(QUARTERFINAL=준준결승)
0F1F:0:0	준결승을 이겼다!	조사
0F34:0:1	화살 범벅이 될 최후를 맞이할 준비나 해라!	어색한 직역
0F36:0:2	이제 내 신성한 자폭을 맛보며 괴로워해라...	어색한 문장
0F45:0:0	다시 한번 말하지만...	오역(THIS IS MY REMINDER)
0F7E:0:8	그냥 여기 날 내버려 두고 갔어. 더는 못 버틸 것 같아...	카나리아 메리 말투 통일(반말)
0F89:0:3	그동안 내 거기에 끼워 놨던 건데...	원문 뜻(WEDGED IN MY...)
0F97:0:5	그래서, 쓰겠다 이거냐?	어색한 직역(YOU WOULD, HUH?)
0F9F:0:6	쏘지 않고도 스스로를 지킬 수 있을 때까지 안 들여보낼 거야!	오역(Y'SELF = 너 자신)
0FA0:0:1	쏘지 않고도 스스로를 지킬 수 있을 때까지 저 안엔 안 들여보낼 거야!	오역(Y'SELF = 너 자신)
0FA1:0:7	어떻게든 뇌관을 제거해야 해.	어색한 표현(DEFUSE)
0FAB:0:0	아무래도 겁쟁이인가 보구먼.	관용구(YELLOW STREAK = 겁쟁이)
0FE3:0:5	반조-카주이 시절 물건이라던데, 진짜 좋은 물건이에요.	표기(반조-카주이)
0FE6:0:1	그 페이지는 아직 팔고 있어요, 원하시면요.	어색한 문장
0FEE:0:1	아까 찾은 이게 마음에 드실지도 모르겠네요.	어색한 직역
0FF1:0:7	아니, 그건 휴대폰으로 하면 돼.	어색한 문장(PHONE HOME 농담)
0FF5:0:1	이제 우리 우주선에서 나가 줘, 떠나야 하거든.	어색한 직역(SHIP=우주선)
0FFB:0:3	전 메리 매기예요, 졸리 로저의 짝꿍이죠.	말투 통일
0FFF:0:0	제 짝꿍이 아직도 안 돌아왔다고요...	어색한 문장(YOU KNOW)
1009:0:0	이런 배 밑창 쥐새끼들!	음역(BILGE RATS)
100C:0:0	게 섰거라, 이 비루먹은 개놈들아!	해적 말투(AVAST, SCURVY DOGS)
100C:0:5	말조심해라, 이 대머리독수리 놈아!	어색한 직역(BUZZARD)
1011:0:0	자, 한잔하자!	해적 관용구(SPLICE THE MAIN BRACE)
0F2F:1:2	보상?	카주이 말투(반말)
0F97:1:4	네 기차 좀 써야겠는데.	카주이 말투(반말)
0F9F:1:5	알았어, 안 쏜다고 약속할게.	카주이 말투(반말)
0FA1:1:3	걱정 마.	카주이 말투(반말)
0FB9:1:7	어디선가 분명 찾을 수 있을 거야...	카주이 말투(반말)
0FBE:1:2	다시 한번 둘러봤더니 찾았어.	카주이 말투(반말)
0FE3:1:5	우린 그 지기만 필요하지, 네 가게 전체는 필요 없다고!	카주이 말투(반말)
0FE5:1:7	그래 보이네...	카주이 말투(반말)
0FE6:1:1	내년에도 분명 여기 있겠네...	카주이 말투(반말)
0FFB:1:1	값만 맞으면...	카주이 말투(반말)
0FFD:1:2	그건 사양할게...	카주이 말투(반말)
0FFE:1:1	진저비어 한 잔 줘.	카주이 말투(반말)
0FFE:1:4	그거 참 안됐네.	카주이 말투(반말)
0FFE:1:7	아, 미안.	카주이 말투(반말)
0FFE:1:11	어쩌면 사나운 바다 악마한테 잡아먹혔을지도 몰라.	카주이 말투(반말)
1000:1:1	별거 아니야.	카주이 말투(반말)
1006:1:5	그냥 서 있는 것보단 낫잖아.	카주이 말투(반말)
104E:1:4	그냥 깔고 앉아서 부화시키면 안 돼?	카주이 말투(반말)
1051:1:1	진저비어 한 잔 줘.	카주이 말투(반말)·표기 통일
1051:1:4	안됐네.	카주이 말투(반말)
1051:1:5	그럼 이제 그 한 잔은?	카주이 말투(반말)
1051:1:8	아, 미안.	카주이 말투(반말)
1051:1:9	마지막으로 어디서 봤어?	카주이 말투(반말)
1051:1:12	사악한 바다 악마한테 먹혔을지도 모르지.	카주이 말투(반말)
1058:1:1	저기 뒤쪽 진열장에 있는 지기 얘기 좀 해 봐.	카주이 말투(반말)
1058:1:5	난 지기만 필요하지, 가게 전체를 사려는 게 아니라고!	카주이 말투(반말)
105A:1:1	그 쓸모없는 낡은 페이지는 얼마야?	카주이 말투(반말)
105A:1:4	분명 가짜일걸!	카주이 말투(반말)
109A:1:5	그 덩치는 어떻게 지내?	카주이 말투(반말)
110D:1:4	아, 그럼 네가 보기 부인이구나!	카주이 말투(반말)
110D:1:5	그 덩치 큰 양반은 잘 지내?	카주이 말투(반말)
13CA:1:3	그냥 여기 계속 있지 그래?	카주이 말투(반말)
1453:1:1	조지, 무슨 일 있었어?	카주이 말투(반말)
1453:1:3	그냥 여기 있는 게 좋겠어...	카주이 말투(반말)
1453:1:4	어쨌든, 경치는 아주 멋지잖아.	카주이 말투(반말)
1455:1:1	사람 잘못 봤어.	카주이 말투(반말)
1455:1:4	그거 좋네.	카주이 말투(반말)
14FE:1:2	네 문제를 다시 한번 말해 봐...	카주이 말투(반말)
1501:1:4	저기, 혹시 교체 선수는 없어?	카주이 말투(반말)
1505:1:2	재밌겠는데.	카주이 말투(반말)
1505:1:6	그 그림이란 게 어떻게 생겼는데?	카주이 말투(반말)
0E49:0:0	B.O.B.가 성공했어. 얻었어 징갈링의 생명력을.	밍겔라 도치 말투(192px 덩어리 피함)
0FE4:0:0	그 지기는 여전히 20더블룬이라네.	포노 말투 통일(하게체)
0FE4:0:1	사겠나?	포노 말투 통일(하게체)
0FE7:0:0	음, 마음이 바뀌면 내가 어디 있는지 알지 않나.	포노 말투 통일(하게체)
0FE8:0:0	거래해서 즐거웠네.	포노 말투 통일(하게체)
0FE8:0:1	편하게 둘러보게!	포노 말투 통일(하게체)
0FE9:0:0	아, 입으로는 그렇다면서 지갑은 아니라고 하는군!	포노 말투 통일(하게체)·어색한 직역
0FEA:0:0	어떻게 하겠나?	포노 말투 통일(하게체)
0FF8:0:0	우리 아기가 아직도 거꾸로예요!	팁텁 말투 통일(해요체)
0FF8:0:1	제발 도와주세요!	팁텁 말투 통일(해요체)
0FF9:0:0	정말 고마워요!	팁텁 말투 통일(해요체)
0FF9:0:4	거꾸로예요!	팁텁 말투 통일(해요체)
0FF9:0:7	그거 안 웃겨요.	팁텁 말투 통일(해요체)
0FF9:0:8	제발 도와주세요!	팁텁 말투 통일(해요체)
0FFA:0:0	아, 훨씬 낫네요!	팁텁 말투 통일(해요체)
0FFA:0:1	모래 속에서 이걸 찾았어요 - 가지세요!	팁텁 말투 통일(해요체)
1016:0:0	수영장 물이 아직도 끔찍하게 오염됐고 저랑 트로티한텐 너무 차가워요.	수영장 아이 말투 통일(해요체)
1017:0:0	수영장 좀 서둘러 주세요.	수영장 아이 말투 통일(해요체)
1017:0:1	세 번째 다리가 자라나는 느낌이 들어요...	수영장 아이 말투 통일(해요체)
101A:0:0	물이 아직도 너무 차가워요.	수영장 아이 말투 통일(해요체)
101B:0:0	물 좀 데워 주세요 - 얼어 죽겠어요!	수영장 아이 말투 통일(해요체)
101E:0:0	이거 봐요!	수영장 아이 말투 통일(해요체)
101E:0:1	물이 아직도 끔찍하게 더러워요.	수영장 아이 말투 통일(해요체)
101F:0:0	수영장이 얼마나 냄새나고 독성인지 봐요.	수영장 아이 말투 통일(해요체)
101F:0:1	우리가 불쌍하지 않아요?	수영장 아이 말투 통일(해요체)
1020:0:1	이제 물이 따뜻하고 좋아졌어요!	수영장 아이 말투 통일(해요체)
1021:0:1	이제 물이 수정처럼 맑아졌어요!	수영장 아이 말투 통일(해요체)
1022:0:0	드디어 수영하러 갈 수 있겠어요!	수영장 아이 말투 통일(해요체)
1022:0:1	자, 이 냄새나는 뾰족모자 쓴 뼈다귀 할멈한테서 훔친 금 조각을 받으세요.	수영장 아이 말투 통일(해요체)·오역(SMELLY)
1023:0:0	준비되셨길 바라요.	크리스 말투 통일(해요체)
1023:0:1	와요, 와요!	크리스 말투 통일(해요체)
1024:0:0	이 정도면 될 것 같네요.	크리스 말투 통일(해요체)
1024:0:1	전 수면 위로 돌아갈게요.	크리스 말투 통일(해요체)
1025:0:1	바닥까지 저를 따라와 주시기만 하면...	크리스 말투 통일(해요체)
1026:0:0	글쎄요, 저 혼자서는 안 내려갈 거고, 이 반짝이는 건 제 반바지 속에 그대로 둘 거예요!	크리스 말투 통일·오역(SHORTS=반바지)
1041:0:0	좋아요, 큰 손님, 돈 좀 보여 주세요...	졸리 말투·어색한 표현(큰 형씨)
1042:0:1	근데 제 짝꿍이 아직 실종 중인데 어떻게 잠이 오세요?	졸리 말투 통일
1043:0:0	나중에 제 짝꿍이랑 같이 방에 들러서 잠자리 술 한잔 하는 건 어때요?	용어 통일(PARTNER=짝꿍)
1045:0:0	지금 뭐 하는 거예요!?	팁텁 말투 통일(해요체)
1045:0:2	그런 식으로 알을 깨면 안 돼요. 우리 아기가 산산조각 나겠어요!	팁텁 말투 통일(해요체)
1056:1:2	전 사양할게요...	반조 말투(존댓말 일관)
105E:0:0	그럼 제가 저 아래 있는 동안 지켜 주시는 건 어때요?	크리스 말투 통일(해요체)
105F:0:0	다시 해 보실래요?	크리스 말투 통일(해요체)
1060:0:0	못된 물고기들한테서 보호가 필요한데...	크리스 말투 통일(해요체)
1060:0:1	근데 그 일을 해내실 것 같지가 않네요!	크리스 말투 통일(해요체)
10C1:0:1	~초 안에 ~점을 따야 한다.	진행자 말투 통일(반말)
10C1:0:3	규칙을 듣고 싶나?	진행자 말투 통일(반말)
10C3:0:0	축하한다!	진행자 말투 통일(반말)
10C0:0:0	축하한다!	진행자 말투 통일(반말)
10BE:0:3	규칙을 듣고 싶나?	진행자 말투 통일(반말)
10BE:0:1	~초 안에 ~점을 따야 한다.	진행자 말투 통일(반말)
10CD:0:0	자, 끝났다.	어색한 직역(THAT'S IT THEN)
10D7:0:1	나를 이기려면 ~점이 필요해...	숫자 단위 누락
10F4:0:0	이봐, 이 훼방꾼아!	오역(VANDAL ≠ 부랑자)
10F5:0:1	기쁘게도 그 점수로는 상품을 못 타겠네...	오역(I'M HAPPY TO SAY)
10FE:1:2	왼발 바로 밑에 하나 있는 것 같은데요...	반조 말투(빅 알에게 존댓말)
1106:0:1	그래, 꼬마, 버거 바로 나간다.	어색한 직역(SON)
1108:1:2	그게 어때서요?	반조 말투(솔티 조에게 존댓말)
1108:1:3	줄에 저 혼자밖에 없는 것 같은데요.	반조 말투(존댓말)
110B:1:5	그래요?	반조 말투(존댓말)
110C:0:0	안녕, 덩치 큰 곰아!	어색한 직역
110C:1:1	저를 아세요?	반조 말투·어색한 직역
110D:0:0	안녕, 작은 새야!	어색한 직역
110D:1:1	어, 우리 만난 적 있어, 아줌마?	카주이 말투(반말)
1115:1:3	무슨 말인지 알겠어.	카주이 말투
1140:0:0	여기가 내 치트를 활성화하는 곳이야.	치토 말투 통일(반말)
1140:0:1	방법을 알고 싶으면 이 단상 위에 올라서.	치토 말투 통일(반말)
1141:0:0	내가 알려 준 치트 코드의 철자를 맞혀야 해.	치토 말투 통일(반말)
1141:0:1	컨트롤 스틱으로 조준점을 움직이고 {81}을 눌러 쏴.	치토 말투 통일(반말)
1141:0:2	하지만 신중히 조준해. 틀린 글자를 맞히면 처음부터 다시 해야 해!	치토 말투 통일(반말)
1142:0:1	날 기억해?	치토 말투 통일(반말)
1148:0:1	마야 대혼란 사원...암호의 방...글자들...	지명 통일·음역(CODE CHAMBER)
114B:0:1	FEATHERS	치트 코드는 영어 글자를 쏴서 입력 — 원문 유지
114C:0:1	EGGS	치트 코드는 영어 글자를 쏴서 입력 — 원문 유지
114D:0:1	FALLPROOF	치트 코드는 영어 글자를 쏴서 입력 — 원문 유지
114E:0:1	HONEYBACK	치트 코드는 영어 글자를 쏴서 입력 — 원문 유지
114F:0:1	JUKEBOX	치트 코드는 영어 글자를 쏴서 입력 — 원문 유지
1150:0:0	FEATHERS 치트는 네가 지닐 수 있는 빨간 깃털과 황금 깃털의 최대치를 두 배로 늘려 준다.	치트 코드 원문 유지
1151:0:0	EGGS 치트는 네가 지닐 수 있는 알의 최대치를 두 배로 늘려 준다.	치트 코드 원문 유지
1152:0:0	FALLPROOF 치트는 높은 곳에서 떨어져도 다치지 않게 해 준다.	치트 코드 원문 유지
1153:0:0	HONEYBACK 치트는 시간이 지나면 자동으로 체력을 회복시켜 준다.	치트 코드 원문 유지
1155:0:0	GETJIGGY 치트는 지기위기 신전의 표지판들을 작동시켜 준다.	치트 코드 원문 유지
1156:0:0	SUPERBANJO 치트는 더 빨리 달릴 수 있게 해 준다.	치트 코드 원문 유지
1157:0:0	SUPERBADDY 치트는 악당들이 더 빨리 달리게 만든다.	치트 코드 원문 유지
1158:0:0	HONEYKING 치트는 무한한 체력과 공기를 준다.	치트 코드 원문 유지
1159:0:0	NESTKING 치트는 무한한 알과 깃털을 준다.	치트 코드 원문 유지
115F:0:0	JIGGYWIGGYSPECIAL 치트는 마녀섬에 있는 지기위기의 모든 문을 열어 준다.	치트 코드 원문 유지·지명
1162:0:0	HOMING 치트는 알이 알아서 악당을 쫓아가게 만든다.	치트 코드 원문 유지
115C:0:0	여기가 내 치트를 활성화하는 곳이야.	치토 말투 통일(반말)
1161:0:0	이제 모든 타이틀 메뉴 옵션이 잠금 해제됐다.	어색한 직역(FRONT END)
11AE:0:0	미안하다, 이 대사 안 쓰인다...	오역(ME AFRAID = 유감)
1209:0:0	미안하지만, 나는 카주이가 혼자 있을 때만 얘기할 거야...	오역(ON HER OWN = 혼자)
121C:0:0	환영한다, 곰 반조.	어색한 직역(BANJO BEAR)
126E:0:1	드디어, 배 속 가득 물을 채운 채로 용암 세계의 따뜻함에 도착했다!	용어 통일(LAVA WORLD=용암 세계)
1271:0:1	아니, 나는 1984년부터 저 안에 얼어붙어 있었다네.	세이버맨 말투 통일(하게체)
1271:0:7	내 이름은 세이버맨일세.	세이버맨 말투 통일(하게체)
1271:0:8	모험이 내 본업이었지... 적어도 예전엔 그랬다네.	세이버맨 말투 통일(하게체)
1271:0:13	꽤 춥군. 혹시 날 좀 녹여 줄 수 있겠나?	세이버맨 말투 통일(하게체)
1272:0:0	이보게, 조금이라도 따뜻하게 해 줄 수 없겠나?	세이버맨 말투 통일(하게체)
1273:0:3	그렇게 오래 얼어 있었더니 지쳤네.	세이버맨 말투 통일(하게체)
1273:0:4	차 한 잔이랑 한숨 잠이 필요하네.	세이버맨 말투 통일(하게체)
1273:0:5	혹시 한 번만 더 도와줄 수 있겠나?	세이버맨 말투 통일(하게체)
1273:0:8	날 내 텐트까지 데려다줄 수 있겠나?	세이버맨 말투 통일(하게체)
1273:0:9	산의 불타는 쪽에 있네... 지금쯤 다 타 버리지 않았다면 말일세.	세이버맨 말투 통일(하게체)
1273:1:2	나이 드신 영웅을 돕게 돼서 기뻐요.	반조 말투(존댓말)
1275:0:6	멋진 황금 지기라네. 난 필요 없어 - 이제 은퇴할 거니까.	용어 통일(JIGSAW PIECE=지기)
1276:0:0	아니, 아니, 이게 아닌데.	세이버맨 말투
1277:0:2	이제 막 준준결승을 시작하려던 참입니다...	용어 통일(QUARTERFINALS=준준결승)
1279:0:0	ASLIG WEUK WEKL POSJ MLAS.	스토니 말 원문 유지(다른 곳과 같게)
127C:0:0	준준결승에서 이기셨습니다!	콜로세움 진행자 말투(존댓말)
127D:0:0	준결승에서 이기셨습니다!	콜로세움 진행자 말투(존댓말)
1287:0:14	우리 세 아이는 우주선이 석호에 추락하기 전에 빠져나갔어.	지명(LAGOON=졸리 로저의 석호)
128B:0:0	좋은 공을 자기 골대에 넣으세요!	코치 말투 통일(존댓말)
12BC:0:1	네 모험에 그 양반 좀 데려가 줄 수 없어?	지칭(HIM=보기)
12BF:0:4	진짜 있다니까.	어색한 직역(IT HAS, ACTUALLY)
12C6:0:2	이제 얼음 쪽으로 가는 칙칙폭폭 기차를 태워 줄게...	말장난(CHUFFIN' TRAIN)
12DF:0:0	ASLIG WEUK WEKL POSJ MLAS.	스토니 말 원문 유지
12E0:0:0	ASLIG WEUK WEKL POSJ MLAS.	스토니 말 원문 유지
1334:0:1	청소 드로이드는 1층으로 출동하라.	어색한 직역(REPORT TO)
1355:0:1	직원 안내서에 곰은 건물에 들이면 안 된다고 분명히 적혀 있을 텐데.	웰다 말투 통일(반말)
1367:0:0	치토 책 페이지다!	용어 통일(CHEATO BOOK=치토 책)
1367:0:1	근데 나한텐 쓸모없어. 난 도톰한 휴지만 좋아하거든.	원문 뜻(QUILTED = 도톰한 휴지)
1368:0:1	방금 청소를 받았는데, 저 더러운 일꾼들이 날 다시 엉망으로 만드는 건 싫단 말이야!	오역(I'VE JUST BEEN CLEANED)
13CA:0:1	난 조지 아이스큐브, 이 위험천만한 고도에 꼼짝 못 하고 있다네.	이름 통일(ICE CUBE=아이스큐브)·조지 말투
13CA:1:4	경치 좋네요.	반조 말투(조지에게 존댓말)
13CD:0:4	~개를 넘기면, 보너스 상품을 하나 더 드릴게요.	오역(BEAT ~ = 그 수를 넘기다)
13D4:0:0	반칙한 거 아니에요?	용어(CHEAT=반칙)
13DD:0:1	그걸 기억했어야 했는데. 진짜 '레어'한 연도잖아.	말장난 살림(RARE = 개발사 레어)
13E6:0:1	분명 반칙한 거야!	용어(CHEATED=반칙)
13E7:0:1	역시나 미스터 핏의 손쉬운 승리군.	어색한 직역
1424:0:3	이 상품들 가져가, 근데 네가 반칙한 걸 알게 되면 가만 안 둘 거야...	용어(CHEATED=반칙)
142A:1:4	광산에서 메리 물건은 이미 다 땄잖아.	지칭(쟤 → 메리)
142E:1:1	그래, 아줌마.	카주이 호칭 통일(LADY=아줌마)
142F:0:7	또 보자, 새 동지랑 곰 친구!	어색한 직역
142F:1:4	세 번째 경주로 네 저녁을 걸고 해 볼까?	어색한 표현
1405:0:0	안녕즈즈즈!	주바 말투 통일(벌 소리)
1405:0:1	보다시피, 우리 주바들이 새 둥지를 마련했지잉!	주바 말투 통일(벌 소리)
1405:0:2	축하하는 뜻으로 작은 사격 게임을 준비했지잉!	주바 말투 통일(벌 소리)
1405:0:3	~점 이상 따면 상품을 줄게지잉.	주바 말투 통일(벌 소리)
1405:0:5	~점을 넘기면 특별 상품이 하나 더 있지잉!	주바 말투 통일(벌 소리)
1406:0:0	안녕즈즈즈!	주바 말투 통일(벌 소리)
1406:0:1	우리 작은 사격 게임을 하러 또 왔구나지잉!	주바 말투 통일(벌 소리)
1406:0:2	~점 이상 따면 아직 상품이 남아 있지잉!	주바 말투 통일(벌 소리)
1407:0:0	안녕즈즈즈!	주바 말투 통일(벌 소리)
1407:0:1	우리 작은 사격 게임을 하러 또 왔구나지잉!	주바 말투 통일(벌 소리)
1407:0:2	상품은 다 떨어졌지만, 재미로 우릴 쏴도 돼지잉!	주바 말투 통일(벌 소리)
1408:0:0	설명이 필요해지잉?	주바 말투 통일(벌 소리)
1409:0:0	진짜 쉬워지잉.	주바 말투 통일(벌 소리)
1409:0:1	날아다니는 내 친구들을 쏘기만 하면 돼지잉.	주바 말투 통일(벌 소리)
1409:0:2	~초 안에 최대한 많은 점수를 따 봐지잉.	주바 말투 통일(벌 소리)
1409:0:5	파란 녀석은 3점지잉...	주바 말투 통일(벌 소리)
1409:0:7	초록 녀석은 2점지잉...	주바 말투 통일(벌 소리)
1409:0:9	...그리고 빨간 녀석은 겨우 1점지잉!	주바 말투 통일(벌 소리)
140A:0:0	잘 쐈어지잉!	주바 말투 통일(벌 소리)
140A:0:1	2등 상품을 받을 만큼 땄지잉!	주바 말투 통일(벌 소리)
140B:0:0	놀랍즈즈즈!	주바 말투 통일(벌 소리)
140B:0:1	1등 상품까지 받을 만큼 땄지잉!	주바 말투 통일(벌 소리)
140C:0:0	축하해즈즈즈!	주바 말투 통일(벌 소리)
140C:0:1	우릴 잔뜩 쏴서 1등 상품을 땄지잉!	주바 말투 통일(벌 소리)
140D:0:0	잘했어지잉!	주바 말투 통일(벌 소리)
140D:0:1	네 새 최고 점수는 ~점이지잉!	주바 말투 통일(벌 소리)
140E:0:0	나쁘지 않아지잉!	주바 말투 통일(벌 소리)
140E:0:1	~점을 땄지만, 그걸론 아무것도 못 받아지잉.	주바 말투 통일(벌 소리)
140F:0:0	안됐네! 겨우 ~점밖에 못 땄어지잉.	주바 말투 통일(벌 소리)
140F:0:2	네 최고 점수는 아직 ~점이지잉.	주바 말투 통일(벌 소리)
1410:0:0	엉망이즈즈즈!	주바 말투 통일(벌 소리)
1410:0:1	점수를 하나도 못 땄어지잉.	주바 말투 통일(벌 소리)
1416:0:0	이제 이걸 여러 번 쏴 봐지잉!	주바 말투 통일(벌 소리)
1417:0:0	잘 쐈어지잉!	주바 말투 통일(벌 소리)
1417:0:1	하지만 침 있는 녀석만 우리 벌집에 들어올 수 있지잉...	주바 말투·말장난(STINGY = 침)
1418:0:0	잘 쐈어지잉!	주바 말투 통일(벌 소리)
1418:0:1	안으로 들어오지 그래지잉?	주바 말투 통일(벌 소리)
1419:0:0	네 사격 실력은 아직 모자라지잉...	주바 말투 통일(벌 소리)
1449:0:0	안녕즈즈즈!	주바 말투 통일(벌 소리)
1449:0:1	2등 상품은 ~점, 1등은 ~점을 따야 해지잉.	주바 말투 통일(벌 소리)
144A:0:0	잘 들어지잉...	주바 말투 통일(벌 소리)
144A:0:1	~점 이상 따면 상품을 줄게지잉!	주바 말투 통일(벌 소리)
144B:0:0	또 너구나지잉!	주바 말투 통일(벌 소리)
144B:0:1	상품은 다 떨어졌지만, 재미로 우릴 쏴도 돼지잉!	주바 말투 통일(벌 소리)
144C:0:0	엉망이즈즈즈!	주바 말투 통일(벌 소리)
144C:0:1	~점을 땄지만, 그걸론 아무것도 못 받아지잉.	주바 말투 통일(벌 소리)
144D:0:0	안녕즈즈즈!	주바 말투 통일(벌 소리)
144D:0:1	우리 작은 사격 게임을 하러 또 왔구나지잉!	주바 말투 통일(벌 소리)
144D:0:2	지금까지 최고 점수는 ~점이지잉.	주바 말투 통일(벌 소리)
144E:0:0	축하해즈즈즈!	주바 말투 통일(벌 소리)
144E:0:1	새 최고 점수 ~점을 세웠지잉.	주바 말투 통일(벌 소리)
144F:0:0	나쁘지 않아지잉!	주바 말투 통일(벌 소리)
144F:0:1	최고 점수 ~점과 동률이지잉.	주바 말투 통일(벌 소리)
1450:0:0	엉망이즈즈즈!	주바 말투 통일(벌 소리)
1450:0:1	겨우 ~점이라 최고 점수 ~점을 못 넘었지잉.	주바 말투 통일(벌 소리)
10FC:0:0	~점어치의 반짝이를 ~초 안에 모으는 걸 한번 보자.	~ 순서(원문: 점수 → 초)
1118:0:1	~초 줄 테니, 최고 점수 ~점을 깨 봐라.	~ 순서(원문: 초 → 점수)
1119:0:1	~초 줄 테니, 최고 점수 ~점을 깨 봐라.	~ 순서(원문: 초 → 점수)
13CD:0:2	부당한 상품을 따내려면, 지기를 최소 ~개, ~초 안에 맞혀야 해요.	~ 순서(원문: 개수 → 초)
13CF:0:0	기억하세요, 지기 ~개를 ~초 안에 맞히면 2등 상품이에요!	~ 순서(원문: 개수 → 초)
13D0:0:0	이제 1등 상품을 받으려면 지기 ~개를 ~초 안에 맞혀 보세요.	~ 순서(원문: 개수 → 초)
13F4:0:0	~초 안에 세균 ~점어치를 죽여!	~ 순서(원문: 초 → 점수)
13F5:0:0	~초 안에 최고 점수 ~점을 깨 봐.	~ 순서(원문: 초 → 점수)
1438:0:2	~초 줄 테니, 한심한 최고 기록 ~개를 깨 봐.	~ 순서(원문: 초 → 기록)
1444:0:0	~초 안에 ~점을 넘겨 봐!	~ 순서(원문: 초 → 점수)
18F3:0:5	~번째 게임까지(총 ~게임)의 현재 순위...	~ 순서(원문: 진행 수 → 전체 수)
1438:0:0	이건 여전히 내 황금 항아리 게임이야.	용어 통일(POT O' GOLD=황금 항아리)
143A:0:0	흥!	오타(퍼!)
1443:0:0	구포의 고급 쓰레기통에 온 걸 환영해.	구포 말투 통일(반말)
1443:0:2	조언이 필요해?	구포 말투 통일(반말)
1461:1:4	{86}을 눌러 버저를 울리고, 답을 안다면 {87}을 눌러 대답해.	어색한 문장
1492:1:16	우리가 네 뼈만 남은 엉덩이를 걷어차기 전에, 반조-카주이 때처럼 비겁하게 도망치면 되겠네.	오역(주어: WE KICK YOUR BONY BUTT)
0E11:0:1	서둘러, 블로벨다, 그런티가 기다리잖아!	자매 서열 미확인 → 이름으로
0E19:0:0	걱정하지 마, 그런티. 꺼내 줄 거야, 우리 자매가!	자매 서열 미확인 → 자매·밍겔라 도치 말투
0E1B:0:0	비웃으면 안 되지, 그런티의 자매들을,	자매 서열 미확인 → 자매
0E39:0:0	자, 자매들아, 시간이 없어,	자매 서열 미확인 → 자매
1463:1:2	내 아름답고 날씬한 자매, 밍겔라!	자매 서열 미확인 → 자매
1465:1:2	내 사랑스럽고... 풍만한 자매, 블로벨다!	자매 서열 미확인 → 자매
148B:1:1	내 자매 밍겔라가 ~점이라는 절망적인 점수로 새로운 멍청함의 기준을 세운 모양이야.	자매 서열 미확인 → 자매
148D:1:1	내 자매 블로벨다는 허리둘레만큼이나 머리가 둔한 모양이야, ~점이라는 점수가 IQ만큼이나 낮네.	자매 서열 미확인 → 자매
148E:1:1	내 자매 밍겔라도 그 쓸모없는 곰한테 진 모양이야.	자매 서열 미확인 → 자매
1490:1:1	내 자매 블로벨다도 저 멍청한 곰을 못 이긴 모양이야.	자매 서열 미확인 → 자매
1914:0:0	내 사랑스럽고 날씬한 자매는 누구입니까?	자매 서열 미확인 → 자매
1915:0:0	내 꽤 덩치 큰 자매는 누구입니까?	자매 서열 미확인 → 자매
14CF:1:0	흥!	오타(PAH=퍼)
1501:1:10	징... 뭐시기 왕?	말장난(KING WHAT-A-LING)
1505:0:9	지그소 조각, 줄여서 지기라고 하지.	용어(JIGGY=지기) 어색한 문장
150C:0:0	멈보 헷갈린다.	멈보 말투(끊어 말하는 해라체)
150C:0:1	여기 치료 마법 쓸 환자 없다...	멈보 말투(끊어 말하는 해라체)
150D:0:0	처음에 안 들었다!	멈보 말투(끊어 말하는 해라체)
150D:0:1	멈보, 치료 마법 쓸 환자 필요하다...	멈보 말투(끊어 말하는 해라체)
150E:0:0	멈보, 마법 낭비 안 한다...	멈보 말투(끊어 말하는 해라체)
150E:0:1	안에 아픈 환자 있어야 한다...	멈보 말투(끊어 말하는 해라체)
150F:0:0	기차 비었다.	멈보 말투(끊어 말하는 해라체)
150F:0:1	치료 마법 통하려면 안에 환자 필요하다...	멈보 말투(끊어 말하는 해라체)
1515:1:0	내 시험에 도전할 만큼 지기를 모았구나.	중복 표현(도전에 도전)
152E:1:0	내 시험에 도전할 만큼 지기를 모았구나.	중복 표현(도전에 도전)
1518:1:10	그래 맞아, 호박벌 아가씨.	말장난 살림(WASP/HORNET 구분)
1533:0:0	...테리는 얼마 전에 아내가 떠났대, 그래서 남은 건 새끼들뿐이라나.	오역(테리 부인이 떠난 것)
1534:0:0	...아 맞아, 우 팍 팍 경이랑 나는 오래된 사이야.	이름 통일(LORD WOO FAK FAK)
153C:1:2	어림없지.	어색한 말(FRAID NOT)
1542:0:5	아주 웃기네.	어색한 말
154D:0:2	그냥 들어와서 징스터를 만나 봐!	이름(JINGSTER=징갈링 별명)
154E:0:1	그렇다아...	클렁고 말투 통일
154F:0:2	그렇다아.	클렁고 말투 통일
162C:0:1	그렇다아...	클렁고 말투 통일
154F:0:3	이제 클렁고한테 스콘 하나 더 달라아...	클렁고 말투 통일
1550:0:0	좋았어!	잼자스 말투(YES, SIR = 감탄)
1550:0:1	전설의 반조-카주이 얼음 열쇠다!	잼자스 말투 통일(해라체)
1551:0:1	반조-카주이의 신비한 파란 비밀 알이다!	잼자스 말투 통일(해라체)
1552:0:1	반조-카주이의 신비한 분홍 비밀 알이다!	잼자스 말투 통일(해라체)
1556:0:0	다시 왔구나!	징갈링 말투 통일(반말)
1558:0:0	다시 왔구나!	징갈링 말투 통일(반말)
1556:0:4	이야, 보틀스 아주머니 요리 솜씨는 마법이야 - 파티 때 스콘은 최고였어.	이름 통일(MRS. B=보틀스 아주머니)
1559:0:0	모든 게 천천히 제자리로 돌아오는 것 같아...	징갈링 말투 통일(반말)
1560:0:0	알려 두마, 지금까지의 최고 기록은 ~이다.	어색한 문장
1561:0:0	지기막히다!	말장난(JIGTASTIC)
1564:0:0	지기막히다!	말장난(JIGTASTIC)
1561:0:1	새 최고 기록 ~, 이전 기록 ~을 넘어섰음을 선언하노라.	조사(~가)·문체
1562:0:0	참으로 훌륭한 노력이다, 최고 기록 ~에 맞먹는구나.	어색한 문장·조사(~와)
1564:0:1	최고 기록은 ~임을 선언한다 - 너는 진정 선택받은 자로다.	조사(~가)
15C0:0:7	잘 가!	어색한 말(CHEERIO)
1624:0:0	으르르!	클렁고 소리
1625:0:0	으르르!	클렁고 소리
1626:0:0	으르르!	클렁고 소리
1627:0:3	으르르...좋은 생각이다아.	클렁고 소리
1689:1:1	안으로 들어와서 마담 그런티에게 운세를 보세요!	간판 존댓말 통일
1689:1:2	단, 계약상 알려 드립니다만, 점괘가 마음에 들지 않을 수도 있습니다.	어색한 문장
169E:1:0	빌 드릴로 볼트를 풀어라.	용어 통일(BILL DRILL=빌 드릴)
16A6:1:1	주술사를 찾아가세요.	용어 통일(SHAMAN=주술사)
16AA:1:0	발전기에 불을 붙여야 하지만, 조명을 켜려면 분리가 필요하다.	용어 통일(SPLIT UP=분리)
169C:1:1	블러버 가게에서 웨이브레이서를 빌리고, 포노 상점에서 쇼핑하고, 졸리네에 들러 시원한 진저 비어 한 잔 하세요!	가게 이름 표기
16B2:1:0	우글과 웅가 동굴은 알 떨리게 짜릿해요!	이름 통일(우글 부글)
16BC:0:4	4. 더러운 일꾼들을 씻겨라	용어 통일(FILTHY WORKERS=더러운 일꾼)
17B4:0:0	그 알 아프잖아!	오역(THOSE EGGS HURT)
17B6:0:3	이런, 거칠게 굴어서 미안하다...	테리 말투(수컷 — «어머» 안 씀)
17B6:0:5	그래 주겠어?	테리 말투 통일(반말)
1734:0:3	안 돼, 멈추지 마, 드릴 씨...	어색한 호칭
17BC:1:1	무슨 의사? 주술 의사?	말장난(WHICH DOCTOR = WITCH DOCTOR)
1815:1:1	무슨 의사? 주술 의사?	말장난(WHICH DOCTOR = WITCH DOCTOR)
17CF:1:1	말 더듬는 거, 병원 가서 좀 봐야겠다.	어색한 문장
180F:1:1	말 더듬는 거, 병원 가서 좀 봐야겠다.	어색한 문장
1810:1:1	말 더듬는 거, 병원 가서 좀 봐야겠다.	어색한 문장
17E3:0:2	다른 녀석들은 그리 쉽지 않아, 아직 ~명 남았어...	띄어쓰기
17E4:0:1	다들 망했지만, 아직 ~명 남았어...	오역(GO PEAR-SHAPED=망하다)
17E8:0:2	나 가서 허리 가리개 갈아입어야 해...	어휘(LOINCLOTH — 샅바는 씨름 띠)
17EC:0:5	응, 행복해!	오역(OH I AM = 행복하다)
17EF:0:0	그거 들고 어디 가?	어색한 문장
17FF:0:1	감히 내 알을 훔쳐?	어색한 문장
1801:0:0	난 안 잊었어, 알아 둬.	어색한 문장
1802:0:1	내 콧물 친구들 다 어디 갔지?	어휘(SNOTTY BUDDIES = 점액 괴물)
1818:0:0	멈보, 곰과 새한테 반짝이는 물건 준다.	멈보 말투(끊어 말하는 해라체)
17B8:0:8	{86}을 톡 치면 짧게, {86}을 꾹 누르면 길게 울부짖을 수 있어!	빠진 버튼 아이콘 {86} 복원·조사 표기
17B9:0:2	{86}을 톡 치면 짧게, {86}을 꾹 누르면 길게 울부짖을 수 있어!	빠진 버튼 아이콘 {86} 복원·조사 표기
1154:0:0	JUKEBOX 치트는 졸리네 주크박스를 켜 준다.	치트 코드 원문 유지·이름 통일(졸리네)
181C:1:2	다시 올게.	반조 말투(반말)
1848:0:6	1. FEATHERS	치트 코드 원문 유지(돌 글자로 영어 입력)
1848:0:9	2. EGGS	치트 코드 원문 유지
1848:0:12	3. FALLPROOF	치트 코드 원문 유지
1848:0:15	4. HONEYBACK	치트 코드 원문 유지
1848:0:18	5. JUKEBOX	치트 코드 원문 유지
1848:0:21	6. GETJIGGY	치트 코드 원문 유지
1848:0:24	7. SUPERBANJO	치트 코드 원문 유지
1848:0:27	8. SUPERBADDY	치트 코드 원문 유지
1848:0:30	9. HONEYKING	치트 코드 원문 유지
1848:0:33	10. NESTKING	치트 코드 원문 유지
1848:0:36	11. WORLD DOORS	치트 코드 원문 유지
1848:0:39	12. HOMING	치트 코드 원문 유지
1849:0:2	아직 입력되지 않은 코드는 '신규'로 표시됩니다.	표시와 맞춤((신규))
1849:0:3	FEATHERS	치트 코드 원문 유지
1849:0:4	FEATHERS (신규)	치트 코드 원문 유지
1849:0:5	EGGS	치트 코드 원문 유지
1849:0:6	EGGS (신규)	치트 코드 원문 유지
1849:0:7	FALLPROOF	치트 코드 원문 유지
1849:0:8	FALLPROOF (신규)	치트 코드 원문 유지
1849:0:9	HONEYBACK	치트 코드 원문 유지
1849:0:10	HONEYBACK (신규)	치트 코드 원문 유지
1849:0:11	JUKEBOX	치트 코드 원문 유지
1849:0:12	JUKEBOX (신규)	치트 코드 원문 유지
184F:0:6	소나무 숲	지명 뜻으로(PINE GROVE)
1851:0:5	나선산 물속	곡 이름 뜻으로(MOUNTAIN AQUATIC)
1851:0:6	나선산 동굴	곡 이름 뜻으로(MOUNTAIN CAVES)
1852:0:5	마야 대혼란 물속	곡 이름 뜻으로
1852:0:6	킥볼 경기장 가는 길	곡 이름 뜻으로
1852:0:7	킥볼 경기장 로비	곡 이름 뜻으로
1852:0:8	건물 안	곡 이름 뜻으로
1853:0:5	반짝 협곡 물속	곡 이름 뜻으로
1853:0:6	어둡고 칙칙한 실내	곡 이름 뜻으로
1853:0:8	어두운 방	곡 이름 뜻으로
1853:0:9	메리와 경주를	곡 이름 뜻으로
1854:0:5	서부 구역	곡 이름 뜻으로
1854:0:6	유령 구역	곡 이름 뜻으로
1854:0:7	우주 구역	곡 이름 뜻으로
1854:0:8	놀이와 게임	곡 이름 뜻으로
1855:0:4	마을 광장	곡 이름 뜻으로
1855:0:5	마을 물속	곡 이름 뜻으로
1855:0:6	마을 구경	곡 이름 뜻으로
1855:0:7	석호 아래	곡 이름 뜻으로
1855:0:8	석호 실내	곡 이름 뜻으로
1855:0:13	물고기와 사격을	곡 이름 뜻으로
1856:0:5	익룡랜드 물속	곡 이름 뜻으로
1856:0:6	실내	곡 이름 뜻으로
1857:0:6	조용한 실내	곡 이름 뜻으로
1858:0:5	용암 쪽 물속	곡 이름 뜻으로
1858:0:6	용암 쪽 실내	곡 이름 뜻으로
1858:0:8	얼음 쪽 실내	곡 이름 뜻으로
1859:0:5	뻐꾸기 나라 물속	곡 이름 뜻으로
1859:0:10	구름 경주	곡 이름 뜻으로
185C:0:3	우주 구역	지명 뜻으로(SPACE ZONE)
185D:0:3	마을 광장	지명 뜻으로(TOWN CENTER)
1869:0:5	성 안	곡 이름 뜻으로(KEEP INTERIORS)
186A:0:5	마녀섬 (물속)	곡 이름 뜻으로(AQUATIC HAGS)
186A:0:6	마녀섬 (마야)	곡 이름 뜻으로
186A:0:7	마녀섬 (광산)	곡 이름 뜻으로
186A:0:8	마녀섬 (놀이공원)	곡 이름 뜻으로
186A:0:9	마녀섬 (석호)	곡 이름 뜻으로
186A:0:10	마녀섬 (선사시대)	곡 이름 뜻으로
186A:0:11	마녀섬 (공장)	곡 이름 뜻으로
186A:0:12	마녀섬 (불얼음)	곡 이름 뜻으로
186A:0:13	마녀섬 (뻐꾸기 나라)	곡 이름 뜻으로
186A:0:14	마녀섬 (성)	곡 이름 뜻으로
186A:0:19	징갈링의 알현실	어색한 말(왕좌의 방)
185D:0:7	사물함 동굴	지명 뜻으로(LOCKERS CAVERN)
185A:0:6	몸집이 너무 커서 워프 패드를 쓸 수 없습니다!	어색한 말(당신은)
185E:0:12	몸집이 너무 커서 워프 패드를 쓸 수 없습니다!	어색한 말(당신은)
18B0:0:19	반짝 협곡 광산#수레 경주	용어 통일(CART RACE=수레 경주)
18B0:0:20	반짝 협곡 광산#수레 경주	용어 통일(CART RACE=수레 경주)
18B4:0:3	1층{0A}#일꾼 숙소	용어 통일(WORKERS=일꾼)
18B7:0:1	성문 망루	지명 뜻으로(GATEHOUSE)
18B9:0:1	테리{0A}#짜증 난 익룡 아빠	오역(테리는 수컷 익룡)
18B9:0:2	촘파사우루스{0A}#배탈 난 육식 공룡	오역(STOMACH-CRAMPED)
18B9:0:4	타깃잔{0A}#어질어질한 폭군 토템 신	어색한 말
18B8:0:4	검정 진조{0A}가족 집	색 이름 통일(03872 검정 진조)
18B8:0:12	하얀 진조{0A}가족 집	색 이름 통일(03856 하얀 진조)
18EC:0:3	우 팍 팍 왕	원문(KING WOO FAK FAK — 체험판 표기)
18E9:0:0	반조-카주이 2 스페이스월드 2000	체험판 메뉴
18E9:0:5	멀티플레이어 대소동	어색한 음역(MADNESS)
18EB:0:3	'공포의 비행접시' 타기	따옴표 안 공백
18E5:0:0	마야 킥볼 (준준결승)	괄호 안 공백
18E5:0:1	마야 킥볼 (준결승)	괄호 안 공백
18E5:0:2	마야 킥볼 (결승)	괄호 안 공백
18E5:0:4	범퍼카 챌린지 (1 대 1)	괄호 안 공백
18E5:0:5	범퍼카 챌린지 (2 대 1)	괄호 안 공백
18E5:0:6	범퍼카 챌린지 (3 대 1)	괄호 안 공백
18E5:0:14	콜로세움 킥볼 (준준결승)	괄호 안 공백
18E5:0:15	콜로세움 킥볼 (준결승)	괄호 안 공백
18E5:0:16	콜로세움 킥볼 (결승)	괄호 안 공백
18E5:0:20	비극의 탑 퀴즈 (1라운드)	괄호 안 공백
18E5:0:21	비극의 탑 퀴즈 (2라운드)	괄호 안 공백
18E5:0:22	비극의 탑 퀴즈 (3라운드)	괄호 안 공백
18E8:0:0	오프닝 이야기	어색한 음역
18E8:0:2	보틀스와 징갈링 되살아나다	어색한 말(RESTORED)
18E8:0:3	그런티 패배	이름 통일(GRUNTY=그런티)
18E5:0:13	반짝이 포장하기	이름 통일(TWINKLIES=반짝이)
1345:0:0	반짝이들은 그물 바닥에서 나타납니다.	조사(반짝이는 → 동사로 읽힘)
1345:0:3	반짝이들은 무거워서, 많이 들수록 더 느리게 달립니다.	조사(반짝이는 → 동사로 읽힘)
18F0:0:16	에너지 바 없음. 알 한 방이면 바로 끝납니다!	어색한 말(SPLAT)
1911:0:1	우 팍 팍 남작	퀴즈 보기(BARON)
1911:0:2	우 팍 팍 경	이름 통일(LORD WOO FAK FAK=우 팍 팍 경)
1911:0:3	우 팍 팍 기사	퀴즈 보기(SIR)
1914:0:2	밍겔라	이름 통일(MINGELLA=밍겔라)
1915:0:2	거트버키타	표기
1917:0:0	'과녁 맞히기의 위대한 마야 신'은 누구입니까?	어색한 말·따옴표 안 공백
1917:0:3	프라이팬즈	말장난(FRYINPANZ = 프라이팬)
1918:0:1	지갑	어색한 말(그의)
1918:0:2	곡괭이	어색한 말(그의)
1918:0:3	짝꿍	어색한 말(그의)
191C:0:3	익룡	용어(PTERODACTYL=익룡)
191D:0:2	곤봉	어휘(CLUB)
191F:0:3	싸구려 장신구 같은 것	어색한 말
1924:0:1	타깃잔의 엄청 신성한 방	어색한 말
1927:0:3	비행접시	이름(SAUCER = 공포의 비행접시)
192C:0:1	크고 못된 보일러 괴물	음역 대신 뜻으로
192C:0:3	푸프타 사부	음역 대신 뜻으로
192F:0:1	자기와 글래머 모델들	어색한 말(그와)
192F:0:2	자기와 짝꿍	어색한 말(그와)
192F:0:3	자기와 아내	어색한 말(그와)
1930:0:1	누런 갈색	어색한 말
1933:0:0	마녀랜드의 비행접시 놀이기구 이름은?	이름 통일(SAUCER=비행접시)
1933:0:1	우유 접시	말장난(SAUCER OF MILK)
1933:0:2	비극의 비행접시	보기 이름 뜻으로(비극의 탑과 같게)
1933:0:3	공포의 비행접시	이름 통일(SAUCER OF PERIL)
1937:0:3	졸리의 신나는 서커스	음역 대신 뜻으로
193A:0:2	재미 요새	음역 대신 뜻으로(FORT O' FUN)
193A:0:3	바보 울타리	음역 대신 뜻으로(SILLY STOCKADE)
193B:0:1	유령 구역과 우주 구역	구역 이름 뜻으로(곡 이름과 같게)
193B:0:2	우주 구역과 서부 구역	구역 이름 뜻으로(곡 이름과 같게)
193B:0:3	우주 구역과 주차 금지 구역	구역 이름 뜻으로(곡 이름과 같게)
193F:0:3	점 보기	띄어쓰기
1941:0:1	권능의 판초	음역 대신 뜻으로
1941:0:2	힘의 선인장	이름 통일(CACTUS OF STRENGTH=힘의 선인장)
1941:0:3	위력의 역마차	음역 대신 뜻으로
1945:0:1	씽얼롱	표기 통일(04037)
1945:0:2	딩갈링	표기 통일(03897)
1961:0:2	스코파사우루스	표기
1966:0:2	스티로포무스	표기(STYROFOAMUS)
1969:0:3	나무 숲	음역 대신 뜻으로(FOREST GROVE — 소나무 숲과 짝)
196C:0:3	속도	음역 대신 뜻으로
1970:0:1	파멸의 급류	음역 대신 뜻으로(FLUME OF DOOM)
1970:0:2	강 래프팅 급류	음역 대신 뜻으로
1970:0:3	가마솥 협곡	음역 대신 뜻으로(가마솥 성과 같게)
1978:0:1	지팡이 사탕	음역 대신 뜻으로(CANDY CANE)
1981:0:1	움바의 물	음역 대신 뜻으로
1981:0:3	밍겔라의 우유	음역 대신 뜻으로
1983:0:1	우웩	말장난(SPEW — 토하다)
1983:0:2	토사물	말장난(PUKE)
1983:0:3	오바이트	말장난(HURL)
198C:0:3	전자기 펄스	주문 이름 통일(EMP=전자기 펄스)
18B4:0:17	지하{0A}#수리 창고	지명 통일(REPAIR DEPOT=수리 창고, 퀴즈 보기와 같게)
198E:0:1	공조 설비실	지명 통일(05364)
198E:0:2	발전 설비실	지명 통일
198E:0:3	보일러실	지명 통일(05359)
199F:0:2	마녀공업 주식회사	음역 대신 뜻으로
199F:0:3	마녀 공업사	음역 대신 뜻으로
19A2:0:3	먹구름	주문 이름 뜻으로(STORMCLOUD)
19A3:0:3	수정 동굴	음역 대신 뜻으로
19A5:0:2	클러버풋	표기(CLUBBAFOOT)
19A6:0:3	핫티 토티	표기(HOTTIE TOTTIE)
19B1:0:2	커틀러스맨	말장난(SABREMAN 짝 — 칼 이름+맨)
19B1:0:3	대거맨	말장난(SABREMAN 짝 — 칼 이름+맨)
19B3:0:1	포근 구름 나라	음역 대신 뜻으로(구름 뻐꾸기 나라와 짝)
19B3:0:2	구름 왕국	음역 대신 뜻으로
19C1:0:1	바일 씨	이름 통일(반조-카주이 MR. VILE=바일 씨)
19EF:0:2	보물의 만	이름 통일(반조-카주이 TREASURE TROVE COVE=보물의 만)
19CE:0:3	알현실	용어 통일(THRONE ROOM=알현실)
19CF:0:1	지그소 퍼즐 모양	어휘
19D4:0:1	딱지치기	현지화(TIDDLYWINKS)
19E6:0:3	심부름꾼	보기 다듬기(PAGEBOY)
18B9:0:8	밍지 종고{0A}#교활한 주술사 사칭꾼	소개 문구 통일(06857)
19E8:0:3	이상하게 흐늘거리는 풍선 괴물	소개 문구 통일(05428)
19E9:0:1	꾀죄죄한 보일러 군주	소개 문구 통일(05425)
19EA:0:2	잘난 척하는 아귀	소개 문구 통일(05430)
1A22:0:0	이건 누구일까?	어색한 말(테리는 익룡)
1A29:0:1	전부	보기 다듬기
1A29:0:3	하나도 없다	오역(NONE OF THEM)
1A3D:0:1	보글늪의 가장자리	지명 통일(반조-카주이 BUBBLEGLOOP SWAMP=보글늪)
1A45:0:3	강력하고 사악한 공룡	어색한 말
1A56:0:3	둘 다 아님	보기 개수(NONE OF THEM — 다른 보기 둘)
1A57:0:3	둘 다 아님	보기 개수(NONE OF THEM — 다른 보기 둘)
1A6E:0:2	보일러실	지명 통일(BOILER PLANT=보일러실)
1A6F:0:0	창문과 빨간 손잡이를 합치면 몇 개인가요?	오역(WINDOWS PLUS RED HANDLES)
1A73:0:0	통과 웨이브레이서를 합치면 몇 개인가요?	이름 통일(WAVERACER)
1A80:0:1	맨 왼쪽 것	어색한 말
1B88:0:2	스스슬럼버	표기(SSSLUMBER — 뱀 소리+잠)
1B8C:0:5	촘파사우루스... 그리고 점심밥!	음역 대신 뜻으로(LUNCH)
1B8F:0:3	미스터 핏	이름 통일(MR. FIT=미스터 핏)
1B90:0:12	안경	이름 통일(SPECCY=안경, 03913)
1C38:0:0	내 사랑스러운 굴착기의 번호판에는 무엇이 적혀 있나요?	음역 대신 뜻으로(MY LOVELY DIGGER)
1C3C:0:1	딱지치기	현지화(TIDDLYWINKS, 06761과 같게)
1C41:0:1	W.I.L.L.I.A.M.	원문 유지(머리글자 말장난)
1C41:0:2	B.O.B.	원문 유지(머리글자 말장난)
1C41:0:3	D.A.V.E.	원문 유지(머리글자 말장난)
1C47:0:2	치토의 싸구려 콜라	음역 대신 뜻으로(CHEATO'S CHEAPO COLA)
1C47:0:3	블로비의 맥주	음역 대신 뜻으로(BLOBBY'S BREW)
1C53:0:1	잡학의 탑	음역 대신 뜻으로(TOWER OF TRIVIA)
1C58:0:0	공포의 비행접시는 몇 구간을 통과했을까?	이름 통일(SAUCER OF PERIL)
1C5B:0:0	포노의 상점 그림 속에 있던 건 누구?	이름 통일(PAWNO'S EMPORIUM=포노의 상점)
1C5C:0:0	졸리 로저의 석호에서 멈보 패드는 무슨 색이었을까?	용어(MUMBO'S PAD=멈보 패드)
18BC:0:0	반조와{0A}카주이가{0A}마녀 그런틸다를{0A}쓰러뜨린 지{0A}벌써{0A}２년이 지났다 .	하스피 «그런틸다 마녀가 아니라 마녀 그런틸다를»(2026-10-07)
