360위치	360원문	번역
0D5A:1:1	USE THE CONTROL STICK TO MOVE UP OR DOWN AND PRESS {87} TO JUMP OFF.	컨트롤 스틱으로 위아래로 이동하고, {87}을 누르면 뛰어내립니다.
0D67:0:3	PRESSING {85} MAKES ONE BECOME TWO!	{85}을 누르면 하나가 둘이 된다!
0D68:0:1	FIND A PAIR OF PADS WITH BANJO AND KAZOOIE'S IMAGE ON THEM, STAND ON THE BANJO PAD AND PRESS {85}.	반조와 카주이 그림이 그려진 패드 한 쌍을 찾아서, 반조 패드 위에 선 다음 {85}을 눌러.
0D68:0:3	ONCE SEPARATED, YOU CAN STAND ON THE PAD OR NEAR A SWAP CLOUD AND PRESS {85} TO CHANGE TO THE OTHER CHARACTER.	분리된 뒤에는 패드 위나 스왑 클라우드 근처에 서서 {85}을 누르면 다른 캐릭터로 바꿀 수 있어.
115B:0:1	NOW STEP ACROSS TO THE CHEAT SHEET ON THE WALL OVER THERE AND PRESS {85} TO VIEW YOUR NEW CHEAT!	이제 저쪽 벽에 있는 치트 시트로 건너가서 {85}을 눌러 새 치트를 확인해!
12C0:0:3	NOW, IF I SET MY SATELLITE TO 11.671, I RECKON IT SHOULD BE TIME FOR BEAR BABES 'N' BIGFOOT!	자, 위성을 11.671에 맞추면, 이제 베어 베이브즈 앤 빅풋 할 시간일 거야!
12DE:0:3	NOW, IF I SET MY SATELLITE TO 11.671, I RECKON IT SHOULD BE TIME FOR BEAR BABES 'N' BIGFOOT!	자, 위성을 11.671에 맞추면, 이제 베어 베이브즈 앤 빅풋 할 시간일 거야!
15BE:0:0	HELP! IT'S ME, ROYSTEN!	도와줘! 나야, 로이스텐!
1864:0:1	STOP 'N' SWOP	스탑 앤 스왑
1864:0:2	STOP 'N' SWOP II	스탑 앤 스왑 II
186C:0:4	x 2001 NINTENDO/RARE. GAME BY RARE.	x 2001 닌텐도/레어. 레어 제작.
186C:0:5	RAREWARE LOGO IS A TRADEMARK OF RARE.	레어웨어 로고는 레어의 상표입니다.
18AF:0:9	TARGITZAN'S{0A}SLIGHTLY SACRED CHAMBER	타깃잔의{0A}살짝 신성한 방
18B0:0:19	GLITTER GULCH MINE{0A}#CART RACE	반짝 협곡 광산{0A}수레 경주
18B0:0:20	GLITTER GULCH MINE{0A}#CART RACE	반짝 협곡 광산{0A}수레 경주
18BE:0:0	ONE GETS TONNED!	한쪽은 짓눌린다!
18BE:0:1	WHICH GETS SQUISHED?	어느 쪽이 으깨질까?
18BE:0:2	BANJO LOST{0A}OR{0A}GRUNTY SQUASHED?	반조 패배{0A}혹은{0A}그런티 분쇄?
18BE:0:3	TOWER OF TRAGEDY QUIZ/N#MULTI PLAYER	비극의 탑 퀴즈/N#멀티플레이어
18E1:0:11	PICK A CONTROL STYLE!	조작 방식을 고르세요!
18E1:0:22	THE CONTROLLERS ARE NOT CORRECTLY SETUP FOR TWO PLAYERS.	2인 플레이용 컨트롤러 설정이 올바르지 않습니다.
18E1:0:23	THE CONTROLLERS ARE NOT CORRECTLY SETUP FOR THREE PLAYERS.	3인 플레이용 컨트롤러 설정이 올바르지 않습니다.
18E1:0:24	THE CONTROLLERS ARE NOT CORRECTLY SETUP FOR FOUR PLAYERS.	4인 플레이용 컨트롤러 설정이 올바르지 않습니다.
18E1:0:27	THERE ARE NOT ENOUGH CONTROLLERS FOR A TWO PLAYER GAME!	2인 게임을 하기에 컨트롤러가 부족합니다!
18E1:0:28	THERE ARE NOT ENOUGH CONTROLLERS FOR A THREE PLAYER GAME!	3인 게임을 하기에 컨트롤러가 부족합니다!
18E1:0:29	THERE ARE NOT ENOUGH CONTROLLERS FOR A FOUR PLAYER GAME!	4인 게임을 하기에 컨트롤러가 부족합니다!
18E1:0:31	THE CONTROLLERS ARE NOT SETUP CORRECTLY FOR MULTIPLAYER!	멀티플레이어용 컨트롤러 설정이 올바르지 않습니다!
18E2:0:3	USE THE CONTROL STICK TO SCALE THE SCREEN. PRESS {87} TO CONFIRM OR {86} TO RESET.	컨트롤 스틱으로 화면 크기를 맞추세요. {87}을 눌러 확정하거나 {86}을 눌러 초기화하세요.
18E2:0:16	SCREEN SCALE	화면 크기
1921:0:3	HALLEY'S COMET	핼리 혜성
1A38:0:2	PURPLE, YELLOW AND GREEN	보라, 노랑, 초록
1A3C:0:0	WHAT COLOR IS THE RAT'S HAT?	쥐의 모자는 무슨 색인가요?
3668:0:0	SIGN IN AND PRESS {87} TO PLAY!	로그인하고 {87}을 눌러 플레이하세요!
3668:0:1	WAITING FOR MORE PLAYERS	다른 플레이어를 기다리는 중
3668:0:2	PLAYER 1 PRESS {87} TO START	플레이어 1, {87}을 눌러 시작
3668:0:3	PRESS {87} TO JOIN	{87}을 눌러 참가
3668:0:4	PLAYER ~ - 	플레이어 ~ -
3669:0:1	YOU'VE GOT NO EGGS FROM BANJO YOU HAIRY FOOL!	반조 알 하나도 없어, 털북숭이 바보!
3669:0:2	GO AND PLAY THE FIRST GAME AND FIND SOME	첫 번째 게임 가서 알 찾아 와.
366A:0:1	YOU'VE GOT NO MORE EGGS TO HATCH, BUT THERE ARE MORE TO FIND!	부화시킬 알 더 없어, 하지만 찾을 알 더 있어!
366A:0:2	GO AND PLAY THE FIRST GAME AND GET THEM	첫 번째 게임 가서 알 가져와.
366B:0:0	SEE HEGGY SPECIAL EGG	헤기 특별한 알 보여.
366B:0:5	NOTHING. PLAYING TRIAL GAME.	아무것도. 체험판 하는 중.
366B:0:10	YES	응.
366B:1:1	OK, BUT WHAT DO I DO WITH IT?	알았어, 근데 이걸로 뭘 하면 되는데?
366B:1:4	HUH? SO I NEED TO PURCHASE THE FULL GAME TO FIND OUT?	어? 그러니까 알려면 정식판을 사야 한다는 거야?
366C:0:0	DO YOU WANT HEGGY TO HATCH THE EGG?	헤기가 알을 부화시킬까?
366D:0:1	COME BACK LATER!	나중에 다시 와!
366D:0:3	BUT NOT EIGHT YEARS LATER.	근데 8년 뒤는 말고.
366E:0:0	NO EGGS, BUT SEE SHINY KEY.	알은 없어, 근데 반짝이는 열쇠 보여.
366E:0:2	TAKE TO ICE CHEST.	얼음 상자로 가져가.
366E:0:4	HAILFIRE PEAKS.	불얼음 봉우리.
366E:1:1	OKAY, THANKS FOR THE ADVICE.	그래, 조언 고마워.
366E:1:3	FOR A MINUTE THERE I THOUGHT THE BIG BAG OF FEATHERS WANTED TO HATCH THE KEY...	잠깐 저 깃털 자루가 열쇠를 부화시키겠다는 줄 알았네...
366E:1:4	...YOU'D BE CARRYING IT IF SHE DID!	...그랬으면 그건 네가 들고 다녔겠지!
366F:1:1	YOU SEE SOMETHING WE DON'T? I SUPPOSE IT IS 10 YEARS OLD. DOES IT SMELL BAD?	우리 눈엔 안 보이는 게 보여? 하긴 10년 묵은 거니까. 냄새 고약해?
3670:0:1	GOT ANOTHER SPECIAL EGG.	특별한 알 또 있어.
3670:1:1	IN THE SAME NEST, RIGHT?	같은 둥지에 넣으면 되지?
3671:0:1	SEE ANOTHER HEGGY SPECIAL EGG.	헤기 특별한 알 또 보여.
3671:0:5	THROW IT IN.	던져 넣어.
3671:1:1	HOPE IT'S SOMETHING GOOD... MAYBE IT'LL GRANT MY WISH TO STAR IN MY OWN GAME?	좋은 거면 좋겠다... 내가 주인공인 게임에 나오고 싶은 소원을 들어주려나?
3671:1:2	NO CHANCE, RARE HAVE PLANS FOR US YET!	어림없어, 레어는 아직 우리한테 계획이 있다고!
3671:1:3	AH WELL. LET ME GUESS: CLUCK?	뭐 됐어. 맞혀 볼까. 꼬꼬?
3672:0:5	CAREFUL!	조심해!
3672:1:1	THIS ONE SEEMS HEAVY.	이건 좀 무거운 것 같은데.
3673:0:1	SEE ANOTHER HEGGY EGG.	헤기 알 또 보여.
3673:0:5	HAND IT OVER!	이리 줘!
3673:1:1	EGG HATCHING! WHO'D HAVE THOUGHT STOP 'N' SWOP WOULD COME TO THIS. IT'LL BE MACHINES NEXT...	알 부화라니! 스탑 앤 스왑이 이렇게 될 줄 누가 알았겠어. 다음엔 기계겠지...
3674:0:1	LAST EGG.	마지막 알.
3674:0:3	TIRED NOW...	이제 피곤해...
3674:0:7	WAITING...	기다리는 중...
3674:1:1	HOW DO YOU THINK I FEEL, CARRYING THEM FOR 10 YEARS?	그걸 10년이나 들고 다닌 내 기분은 어떻겠어?
3675:0:1	SPECIAL HEGGY EGG AWARDS GAMER PIC!	헤기 특별 알은 게이머 사진을 줘!
3675:0:3	LOOKS NICE.	보기 좋아.
3675:1:1	I LIKE IT.	마음에 들어.
3675:1:2	AMAZING... AND I THOUGHT EGGS HAD BIRDS IN THEM.	놀랍네... 알 속엔 새가 들어 있는 줄 알았는데.
3676:0:1	SPECIAL HEGGY EGG AWARDS BANJO-KAZOOIE THEME!	헤기 특별 알은 반조-카주이 테마를 줘!
3676:0:3	COOL BEAR AND BIRD DASH!	멋진 곰과 새 대시보드!
3676:1:1	I LIKE THAT TOO.	그것도 마음에 들어.
3676:1:2	AT LEAST THEY MANAGED TO FIT US IN AROUND ALL THOSE BOXES.	그래도 그 많은 상자 사이에 우리 자리는 만들어 줬네.
3677:0:3	MY!	세상에!
3677:0:5	VERY SPECIAL HEGGY EGG AWARD!	아주 특별한 헤기 알 상품!
3677:0:7	THIS MIGHT BE USEFUL... ONE DAY.	이거 쓸모 있을지도... 언젠가.
3677:1:1	HERE WE GO AGAIN... WELL, AT LEAST THAT MEANS WE'LL GET TO SEE OUR 20TH BIRTHDAYS.	또 시작이네... 뭐, 적어도 우리 스무 번째 생일은 보겠구나.
3677:1:2	YOU THINK SO? SURELY RARE WILL MAKE THE NEXT GAME FASTER THAN THAT?	그렇게 생각해? 레어가 설마 다음 게임은 그보다 빨리 만들겠지?
3678:0:0	WHOA!	우와!
3678:0:1	IT'S A SUPER-SECRET BRONZE EGG!	초특급 비밀 청동 알이다!
3678:0:2	I WONDER WHAT THAT'S DOING HERE...	이게 왜 여기 있을까...
3679:0:1	IT'S A VERY FLASHY SILVER EGG!	아주 번쩍이는 은 알이다!
3679:0:2	BETTER KEEP THAT IN A 'SAVE' PLACE...	'저장'해 두는 게 좋겠다...
367A:0:1	IT'S A SPANGLY GOLDEN EGG!	반짝반짝한 황금 알이다!
367A:0:2	JUST TAKE CARE OF IT!	잘 간수해라!
367B:0:0	LOOK, I CAN STILL SEE MY OLD DIRT PILES. PRESS {85} TO INTERACT WITH THEM TO REMIND YOU OF YOUR ORIGINAL MOVES.	봐, 내 옛날 흙더미가 아직 보이네. {85}을 눌러 살펴보면 예전 기술을 다시 떠올릴 수 있어.
367C:0:0	BANJO! IF YOU USE THIS CHEAT, SAVING WILL BE STOPPED, AND YOUR SCORE WILL NOT BE POSTED TO THE LEADERBOARDS!	반조! 이 치트를 쓰면 저장이 멈추고, 점수도 순위표에 올라가지 않는다!
367C:0:1	ARE YOU SURE YOU WANT TO USE THIS CHEAT?	정말 이 치트를 쓰겠나?
367D:0:0	YOU GOT ALL THE DOUBLOONS!  WELL DONE!	더블룬을 전부 모았다! 잘했다!
367D:0:1	JUST FOR THAT YOU CAN HAVE A NEW GAMERPIC!	그 상으로 새 게이머 사진을 주마!
367E:0:3	MY!	세상에!
367E:0:5	VERY SPECIAL HEGGY EGG AWARD!	아주 특별한 헤기 알 상품!
367E:0:7	THIS MIGHT BE USEFUL... ONE DAY.	이거 쓸모 있을지도... 언젠가.
367E:1:1	HERE WE GO AGAIN... WELL, AT LEAST THAT MEANS WE'LL GET TO SEE OUR 20TH BIRTHDAYS.	또 시작이네... 뭐, 적어도 우리 스무 번째 생일은 보겠구나.
367E:1:2	YOU THINK SO? SURELY RARE WILL MAKE THE NEXT GAME FASTER THAN THAT?	그렇게 생각해? 레어가 설마 다음 게임은 그보다 빨리 만들겠지?
367E:1:3	THAT'S IT, THINK POSITIVE!	그래, 긍정적으로 생각해!
367E:1:4	I WONDER....	글쎄....
367E:1:5	OH GOODY, I SENSE AN EARTH-SHATTERING REVELATION COMING ON.	오 신난다, 세상이 뒤집힐 계시가 나올 것 같은 예감이야.
367E:1:6	....MAYBE IT'S WORTH TRYING OUT OUR BANJO-KAZOOIE: NUTS AND BOLTS GAME?	....우리 반조-카주이: 넛츠 앤 볼츠 게임도 해 볼 만하지 않을까?
367E:1:7	GOOD IDEA, YOU NEVER KNOW, THERE MIGHT BE MORE STOP'N'SWOP SURPRISES...	좋은 생각이야, 혹시 알아, 스탑 앤 스왑 깜짝 선물이 더 있을지...
367F:0:4	NOW THINK YOU TRY OTHER GAME...	이제 다른 게임 해 보면 좋겠다...
367F:0:6	...BANJO-KAZOOIE: NUTS & BOLTS!	...반조-카주이: 넛츠 앤 볼츠!
367F:1:5	OH NO, SHE'S OFF ON ONE AGAIN...	아이고, 또 시작이네...
367F:1:7	HOW MYSTERIOUS....FIRST A DRAGON AND NOW THERE'S ANOTHER GAME?	참 수상하네....처음엔 드래곤, 이번엔 또 다른 게임이라고?
3680:0:1	ONLY SPEAK TO SMELLY BEAR AND SKINNY BIRD TOGETHER.	냄새나는 곰이랑 깡마른 새 같이 있을 때만 말해.
3681:0:0	A BREEGULL BLASTING SHOOTOUT, HIGHEST SCORE WINS.	브리걸 블래스터 사격전, 최고 점수가 이긴다.
3682:0:0	GET BALLS INTO YOUR GOAL TO SCORE POINTS, HIGHEST SCORE WINS.	자기 골에 공을 넣어 점수를 얻는다, 최고 점수가 이긴다.
3682:0:1	YELLOW +2 POINTS, RED -1 POINT, BLACK EXPLODES AND SPINS PLAYERS.	노랑 +2점, 빨강 -1점, 검정은 터지면서 플레이어를 돌린다.
3683:0:0	CAPTURE TWINKLIES, HIGHEST SCORE WINS.	반짝이를 잡아라, 최고 점수가 이긴다.
3683:0:1	BLUE +3 POINTS, GREEN +2 POINTS, RED +1 POINT.	파랑 +3점, 초록 +2점, 빨강 +1점.
3684:0:0	JUMP THROUGH HOOPS, TURBO TRAINERS HELP. HIGHEST SCORE WINS.	후프를 뛰어 통과하라, 터보 트레이너가 도움이 된다. 최고 점수가 이긴다.
3684:0:1	BLUE +3 POINTS, GREEN +2 POINTS, RED +1 POINT.	파랑 +3점, 초록 +2점, 빨강 +1점.
3685:0:0	FLY AROUND AND BURST BALLOONS, HIGHEST SCORE WINS.	날아다니며 풍선을 터뜨려라, 최고 점수가 이긴다.
3685:0:1	BLUE +3 POINTS, GREEN +2 POINTS, RED +1 POINT.	파랑 +3점, 초록 +2점, 빨강 +1점.
3686:0:0	A SHOOTOUT WITH TORPEDOES, HIGHEST SCORE WINS.	어뢰 사격전, 최고 점수가 이긴다.
3687:0:0	SHOOT THE GERMS, HIGHEST SCORE WINS.	세균을 쏴라, 최고 점수가 이긴다.
3687:0:1	BLUE +3 POINTS, GREEN +2 POINTS, RED +1 POINT.	파랑 +3점, 초록 +2점, 빨강 +1점.
3688:0:0	GET BALLS INTO OPPONENT GOALS TO INCREASE THEIR SCORE, LOWEST SCORE WINS.	상대 골에 공을 넣어 상대 점수를 올려라, 최저 점수가 이긴다.
3688:0:1	YELLOW +2 POINTS, RED -1 POINT, BLACK EXPLODES AND SPINS PLAYERS.	노랑 +2점, 빨강 -1점, 검정은 터지면서 플레이어를 돌린다.
3689:0:0	CAPTURE TWINKLIES, HIGHEST SCORE WINS. TURBO TRAINERS HELP.	반짝이를 잡아라, 최고 점수가 이긴다. 터보 트레이너가 도움이 된다.
3689:0:1	BLUE +3 POINTS, GREEN +2 POINTS, RED +1 POINT.	파랑 +3점, 초록 +2점, 빨강 +1점.
368A:0:0	RID THE GERMS, HIGHEST SCORE WINS.	세균을 없애라, 최고 점수가 이긴다.
368A:0:1	BLUE +3 POINTS, GREEN +2 POINTS, RED +1 POINT.	파랑 +3점, 초록 +2점, 빨강 +1점.
368B:0:0	SHOOT OPPONENTS WITH HOMING STINGS.	유도 침으로 상대를 쏴라.
